2026-08-06 23:35:42,295 | ROI | INFO | ROI Consumer Ready
2026-08-06 23:35:42,297 | ROI | INFO | Waiting for frames...
2026-08-07 00:03:59,917 | ROI | INFO | CAM=c1 LABEL=Bike INSIDE_ROI=False
2026-08-07 00:03:59,917 | ROI | INFO | CAM=c1 LABEL=Car INSIDE_ROI=False
2026-08-07 00:03:59,918 | ROI | INFO | CAM=c1 LABEL=Bike INSIDE_ROI=True
2026-08-07 00:03:59,934 | ROI | ERROR | Redis Save Error: unknown command 'HELLO'
2026-08-07 00:04:00,279 | ROI | INFO | Created video file: roi_detected_frames\c1\Bike_roi.avi
2026-08-07 00:04:00,322 | ROI | INFO | Frame written to video -> CAM=c1 LABEL=Bike
2026-08-07 00:04:00,463 | ROI | INFO | CAM=c1 LABEL=Bike INSIDE_ROI=True
2026-08-07 00:04:00,659 | ROI | ERROR | Redis Save Error: unknown command 'HELLO'
2026-08-07 00:04:00,955 | ROI | INFO | Frame written to video -> CAM=c1 LABEL=Bike
2026-08-07 00:04:03,011 | ROI | INFO | CAM=c1 LABEL=Bike INSIDE_ROI=False
2026-08-07 00:04:03,011 | ROI | INFO | CAM=c1 LABEL=Bike INSIDE_ROI=True
2026-08-07 00:04:03,016 | ROI | ERROR | Redis Save Error: unknown command 'HELLO'
2026-08-07 00:04:03,019 | ROI | INFO | Frame written to video -> CAM=c1 LABEL=Bike
2026-08-07 00:04:03,019 | ROI | INFO | CAM=c1 LABEL=Car INSIDE_ROI=False
2026-08-07 00:04:03,020 | ROI | INFO | CAM=c1 LABEL=Bike INSIDE_ROI=True
2026-08-07 00:04:03,024 | ROI | ERROR | Redis Save Error: unknown command 'HELLO'
2026-08-07 00:04:03,026 | ROI | INFO | Frame written to video -> CAM=c1 LABEL=Bike
2026-08-07 00:04:03,945 | ROI | INFO | CAM=c1 LABEL=Bike INSIDE_ROI=False
2026-08-07 00:04:03,948 | ROI | INFO | CAM=c1 LABEL=Bike INSIDE_ROI=True
2026-08-07 00:04:03,991 | ROI | ERROR | Redis Save Error: unknown command 'HELLO'
2026-08-07 00:04:04,002 | ROI | INFO | Frame written to video -> CAM=c1 LABEL=Bike
2026-08-07 00:04:04,007 | ROI | INFO | CAM=c1 LABEL=Bike INSIDE_ROI=True
2026-08-07 00:04:04,037 | ROI | ERROR | Redis Save Error: unknown command 'HELLO'
2026-08-07 00:04:04,051 | ROI | INFO | Frame written to video -> CAM=c1 LABEL=Bike
2026-08-07 00:04:04,054 | ROI | INFO | CAM=c1 LABEL=Car INSIDE_ROI=False
2026-08-07 00:04:05,599 | ROI | INFO | CAM=c1 LABEL=Bike INSIDE_ROI=False
2026-08-07 00:04:05,599 | ROI | INFO | CAM=c1 LABEL=Car INSIDE_ROI=False
2026-08-07 00:04:05,599 | ROI | INFO | CAM=c1 LABEL=Bike INSIDE_ROI=True
2026-08-07 00:04:05,605 | ROI | ERROR | Redis Save Error: unknown command 'HELLO'
2026-08-07 00:04:05,607 | ROI | INFO | Frame written to video -> CAM=c1 LABEL=Bike
2026-08-07 00:04:06,166 | ROI | INFO | CAM=c1 LABEL=Bike INSIDE_ROI=False
2026-08-07 00:04:06,166 | ROI | INFO | CAM=c1 LABEL=Car INSIDE_ROI=False
2026-08-07 00:04:06,167 | ROI | INFO | CAM=c1 LABEL=Bike INSIDE_ROI=True
2026-08-07 00:04:06,175 | ROI | ERROR | Redis Save Error: unknown command 'HELLO'
2026-08-07 00:04:06,192 | ROI | INFO | Frame written to video -> CAM=c1 LABEL=Bike
2026-08-07 00:04:06,761 | ROI | INFO | CAM=c1 LABEL=Car INSIDE_ROI=False
2026-08-07 00:04:06,762 | ROI | INFO | CAM=c1 LABEL=Bike INSIDE_ROI=True
2026-08-07 00:04:06,764 | ROI | ERROR | Redis Save Error: unknown command 'HELLO'
2026-08-07 00:04:06,767 | ROI | INFO | Frame written to video -> CAM=c1 LABEL=Bike
2026-08-07 00:04:07,300 | ROI | INFO | CAM=c1 LABEL=Bike INSIDE_ROI=False
2026-08-07 00:04:07,300 | ROI | INFO | CAM=c1 LABEL=Car INSIDE_ROI=False
2026-08-07 00:04:07,300 | ROI | INFO | CAM=c1 LABEL=Bike INSIDE_ROI=True
2026-08-07 00:04:07,304 | ROI | ERROR | Redis Save Error: unknown command 'HELLO'
2026-08-07 00:04:07,307 | ROI | INFO | Frame written to video -> CAM=c1 LABEL=Bike
2026-08-07 00:04:07,893 | ROI | INFO | CAM=c1 LABEL=Bike INSIDE_ROI=True
2026-08-07 00:04:07,898 | ROI | ERROR | Redis Save Error: unknown command 'HELLO'
2026-08-07 00:04:07,901 | ROI | INFO | Frame written to video -> CAM=c1 LABEL=Bike
2026-08-07 00:04:07,902 | ROI | INFO | CAM=c1 LABEL=Car INSIDE_ROI=False
2026-08-07 00:04:07,903 | ROI | INFO | CAM=c1 LABEL=Bike INSIDE_ROI=False
2026-08-07 00:04:08,439 | ROI | INFO | CAM=c1 LABEL=Bike INSIDE_ROI=False
2026-08-07 00:04:08,440 | ROI | INFO | CAM=c1 LABEL=Car INSIDE_ROI=False
2026-08-07 00:04:08,440 | ROI | INFO | CAM=c1 LABEL=Bike INSIDE_ROI=True
2026-08-07 00:04:08,447 | ROI | ERROR | Redis Save Error: unknown command 'HELLO'
2026-08-07 00:04:08,466 | ROI | INFO | Frame written to video -> CAM=c1 LABEL=Bike
2026-08-07 00:04:09,088 | ROI | INFO | CAM=c1 LABEL=Bike INSIDE_ROI=False
2026-08-07 00:04:09,089 | ROI | INFO | CAM=c1 LABEL=Car INSIDE_ROI=False
2026-08-07 00:04:09,089 | ROI | INFO | CAM=c1 LABEL=Bike INSIDE_ROI=True
2026-08-07 00:04:09,121 | ROI | ERROR | Redis Save Error: unknown command 'HELLO'
2026-08-07 00:04:09,164 | ROI | INFO | Frame written to video -> CAM=c1 LABEL=Bike
2026-08-07 00:04:09,700 | ROI | INFO | CAM=c1 LABEL=Bike INSIDE_ROI=False
2026-08-07 00:04:09,700 | ROI | INFO | CAM=c1 LABEL=Car INSIDE_ROI=False
2026-08-07 00:04:09,701 | ROI | INFO | CAM=c1 LABEL=Bike INSIDE_ROI=True
2026-08-07 00:04:09,709 | ROI | ERROR | Redis Save Error: unknown command 'HELLO'
2026-08-07 00:04:09,726 | ROI | INFO | Frame written to video -> CAM=c1 LABEL=Bike
2026-08-07 00:04:09,726 | ROI | INFO | CAM=c1 LABEL=Bike INSIDE_ROI=True
2026-08-07 00:04:09,731 | ROI | ERROR | Redis Save Error: unknown command 'HELLO'
2026-08-07 00:04:09,740 | ROI | INFO | Frame written to video -> CAM=c1 LABEL=Bike
2026-08-07 00:04:09,742 | ROI | INFO | CAM=c1 LABEL=Bike INSIDE_ROI=True
2026-08-07 00:04:09,757 | ROI | ERROR | Redis Save Error: unknown command 'HELLO'
2026-08-07 00:04:09,768 | ROI | INFO | Frame written to video -> CAM=c1 LABEL=Bike
2026-08-07 00:04:10,236 | ROI | INFO | CAM=c1 LABEL=Bike INSIDE_ROI=False
2026-08-07 00:04:10,237 | ROI | INFO | CAM=c1 LABEL=Bike INSIDE_ROI=True
2026-08-07 00:04:10,240 | ROI | ERROR | Redis Save Error: unknown command 'HELLO'
2026-08-07 00:04:10,242 | ROI | INFO | Frame written to video -> CAM=c1 LABEL=Bike
2026-08-07 00:04:10,242 | ROI | INFO | CAM=c1 LABEL=Bike INSIDE_ROI=True
2026-08-07 00:04:10,247 | ROI | ERROR | Redis Save Error: unknown command 'HELLO'
2026-08-07 00:04:10,251 | ROI | INFO | Frame written to video -> CAM=c1 LABEL=Bike
2026-08-07 00:04:10,253 | ROI | INFO | CAM=c1 LABEL=Car INSIDE_ROI=False
2026-08-07 00:04:10,850 | ROI | INFO | CAM=c1 LABEL=Bike INSIDE_ROI=False
2026-08-07 00:04:10,851 | ROI | INFO | CAM=c1 LABEL=Bike INSIDE_ROI=True
2026-08-07 00:04:10,854 | ROI | ERROR | Redis Save Error: unknown command 'HELLO'
2026-08-07 00:04:10,856 | ROI | INFO | Frame written to video -> CAM=c1 LABEL=Bike
2026-08-07 00:04:10,857 | ROI | INFO | CAM=c1 LABEL=Bike INSIDE_ROI=True
2026-08-07 00:04:10,865 | ROI | ERROR | Redis Save Error: unknown command 'HELLO'
2026-08-07 00:04:10,885 | ROI | INFO | Frame written to video -> CAM=c1 LABEL=Bike
2026-08-07 00:04:10,885 | ROI | INFO | CAM=c1 LABEL=Car INSIDE_ROI=False
2026-08-07 00:04:11,408 | ROI | INFO | CAM=c1 LABEL=Bike INSIDE_ROI=True
2026-08-07 00:04:11,412 | ROI | ERROR | Redis Save Error: unknown command 'HELLO'
2026-08-07 00:04:11,414 | ROI | INFO | Frame written to video -> CAM=c1 LABEL=Bike
2026-08-07 00:04:11,415 | ROI | INFO | CAM=c1 LABEL=Bike INSIDE_ROI=True
2026-08-07 00:04:11,439 | ROI | ERROR | Redis Save Error: unknown command 'HELLO'
2026-08-07 00:04:11,449 | ROI | INFO | Frame written to video -> CAM=c1 LABEL=Bike
2026-08-07 00:04:11,450 | ROI | INFO | CAM=c1 LABEL=Bike INSIDE_ROI=True
2026-08-07 00:04:11,454 | ROI | ERROR | Redis Save Error: unknown command 'HELLO'
2026-08-07 00:04:11,462 | ROI | INFO | Frame written to video -> CAM=c1 LABEL=Bike
2026-08-07 00:04:11,998 | ROI | INFO | CAM=c1 LABEL=Bike INSIDE_ROI=True
2026-08-07 00:04:12,003 | ROI | ERROR | Redis Save Error: unknown command 'HELLO'
2026-08-07 00:04:12,006 | ROI | INFO | Frame written to video -> CAM=c1 LABEL=Bike
2026-08-07 00:04:12,006 | ROI | INFO | CAM=c1 LABEL=Bike INSIDE_ROI=True
2026-08-07 00:04:12,016 | ROI | ERROR | Redis Save Error: unknown command 'HELLO'
2026-08-07 00:04:12,034 | ROI | INFO | Frame written to video -> CAM=c1 LABEL=Bike
2026-08-07 00:04:12,034 | ROI | INFO | CAM=c1 LABEL=Car INSIDE_ROI=False
2026-08-07 00:04:12,034 | ROI | INFO | CAM=c1 LABEL=Bike INSIDE_ROI=False
2026-08-07 00:04:12,035 | ROI | INFO | CAM=c1 LABEL=Bike INSIDE_ROI=True
2026-08-07 00:04:12,040 | ROI | ERROR | Redis Save Error: unknown command 'HELLO'
2026-08-07 00:04:12,058 | ROI | INFO | Frame written to video -> CAM=c1 LABEL=Bike
2026-08-07 00:04:12,581 | ROI | INFO | CAM=c1 LABEL=Bike INSIDE_ROI=True
2026-08-07 00:04:12,585 | ROI | ERROR | Redis Save Error: unknown command 'HELLO'
2026-08-07 00:04:12,588 | ROI | INFO | Frame written to video -> CAM=c1 LABEL=Bike
2026-08-07 00:04:12,589 | ROI | INFO | CAM=c1 LABEL=Car INSIDE_ROI=False
2026-08-07 00:04:12,590 | ROI | INFO | CAM=c1 LABEL=Bike INSIDE_ROI=True
2026-08-07 00:04:12,614 | ROI | ERROR | Redis Save Error: unknown command 'HELLO'
2026-08-07 00:04:12,620 | ROI | INFO | Frame written to video -> CAM=c1 LABEL=Bike
2026-08-07 00:04:12,621 | ROI | INFO | CAM=c1 LABEL=Bike INSIDE_ROI=True
2026-08-07 00:04:12,639 | ROI | ERROR | Redis Save Error: unknown command 'HELLO'
2026-08-07 00:04:12,641 | ROI | INFO | Frame written to video -> CAM=c1 LABEL=Bike
2026-08-07 00:04:13,178 | ROI | INFO | CAM=c1 LABEL=Bike INSIDE_ROI=True
2026-08-07 00:04:13,182 | ROI | ERROR | Redis Save Error: unknown command 'HELLO'
2026-08-07 00:04:13,185 | ROI | INFO | Frame written to video -> CAM=c1 LABEL=Bike
2026-08-07 00:04:13,186 | ROI | INFO | CAM=c1 LABEL=Bike INSIDE_ROI=True
2026-08-07 00:04:13,191 | ROI | ERROR | Redis Save Error: unknown command 'HELLO'
2026-08-07 00:04:13,193 | ROI | INFO | Frame written to video -> CAM=c1 LABEL=Bike
2026-08-07 00:04:13,194 | ROI | INFO | CAM=c1 LABEL=Bike INSIDE_ROI=True
2026-08-07 00:04:13,201 | ROI | ERROR | Redis Save Error: unknown command 'HELLO'
2026-08-07 00:04:13,215 | ROI | INFO | Frame written to video -> CAM=c1 LABEL=Bike
2026-08-07 00:04:13,218 | ROI | INFO | CAM=c1 LABEL=Car INSIDE_ROI=False
2026-08-07 00:04:13,749 | ROI | INFO | CAM=c1 LABEL=Bike INSIDE_ROI=True
2026-08-07 00:04:13,754 | ROI | ERROR | Redis Save Error: unknown command 'HELLO'
2026-08-07 00:04:13,757 | ROI | INFO | Frame written to video -> CAM=c1 LABEL=Bike
2026-08-07 00:04:13,758 | ROI | INFO | CAM=c1 LABEL=Bike INSIDE_ROI=True
2026-08-07 00:04:13,810 | ROI | ERROR | Redis Save Error: unknown command 'HELLO'
2026-08-07 00:04:13,839 | ROI | INFO | Frame written to video -> CAM=c1 LABEL=Bike
2026-08-07 00:04:13,840 | ROI | INFO | CAM=c1 LABEL=Car INSIDE_ROI=False
2026-08-07 00:04:13,841 | ROI | INFO | CAM=c1 LABEL=Bike INSIDE_ROI=True
2026-08-07 00:04:13,844 | ROI | ERROR | Redis Save Error: unknown command 'HELLO'
2026-08-07 00:04:13,846 | ROI | INFO | Frame written to video -> CAM=c1 LABEL=Bike
2026-08-07 00:04:14,320 | ROI | INFO | CAM=c1 LABEL=Bike INSIDE_ROI=True
2026-08-07 00:04:14,344 | ROI | ERROR | Redis Save Error: unknown command 'HELLO'
2026-08-07 00:04:14,347 | ROI | INFO | Frame written to video -> CAM=c1 LABEL=Bike
2026-08-07 00:04:14,348 | ROI | INFO | CAM=c1 LABEL=Car INSIDE_ROI=False
2026-08-07 00:04:14,349 | ROI | INFO | CAM=c1 LABEL=Bike INSIDE_ROI=True
2026-08-07 00:04:14,372 | ROI | ERROR | Redis Save Error: unknown command 'HELLO'
2026-08-07 00:04:14,388 | ROI | INFO | Frame written to video -> CAM=c1 LABEL=Bike
2026-08-07 00:04:14,918 | ROI | INFO | CAM=c1 LABEL=Car INSIDE_ROI=False
2026-08-07 00:04:14,919 | ROI | INFO | CAM=c1 LABEL=Bike INSIDE_ROI=True
2026-08-07 00:04:14,923 | ROI | ERROR | Redis Save Error: unknown command 'HELLO'
2026-08-07 00:04:14,927 | ROI | INFO | Frame written to video -> CAM=c1 LABEL=Bike
2026-08-07 00:04:14,928 | ROI | INFO | CAM=c1 LABEL=Bike INSIDE_ROI=True
2026-08-07 00:04:14,937 | ROI | ERROR | Redis Save Error: unknown command 'HELLO'
2026-08-07 00:04:14,962 | ROI | INFO | Frame written to video -> CAM=c1 LABEL=Bike
2026-08-07 00:04:15,665 | ROI | INFO | CAM=c1 LABEL=Bike INSIDE_ROI=True
2026-08-07 00:04:15,668 | ROI | ERROR | Redis Save Error: unknown command 'HELLO'
2026-08-07 00:04:15,671 | ROI | INFO | Frame written to video -> CAM=c1 LABEL=Bike
2026-08-07 00:04:15,672 | ROI | INFO | CAM=c1 LABEL=Car INSIDE_ROI=False
2026-08-07 00:04:16,285 | ROI | INFO | CAM=c1 LABEL=Bike INSIDE_ROI=True
2026-08-07 00:04:16,291 | ROI | ERROR | Redis Save Error: unknown command 'HELLO'
2026-08-07 00:04:16,294 | ROI | INFO | Frame written to video -> CAM=c1 LABEL=Bike
2026-08-07 00:04:16,295 | ROI | INFO | CAM=c1 LABEL=Car INSIDE_ROI=False
2026-08-07 00:04:16,295 | ROI | INFO | CAM=c1 LABEL=Car INSIDE_ROI=True
2026-08-07 00:04:16,308 | ROI | ERROR | Redis Save Error: unknown command 'HELLO'
2026-08-07 00:04:16,321 | ROI | INFO | Created video file: roi_detected_frames\c1\Car_roi.avi
2026-08-07 00:04:16,341 | ROI | INFO | Frame written to video -> CAM=c1 LABEL=Car
2026-08-07 00:04:16,344 | ROI | INFO | CAM=c1 LABEL=Bike INSIDE_ROI=True
2026-08-07 00:04:16,352 | ROI | ERROR | Redis Save Error: unknown command 'HELLO'
2026-08-07 00:04:16,358 | ROI | INFO | Frame written to video -> CAM=c1 LABEL=Bike
2026-08-07 00:04:16,820 | ROI | INFO | CAM=c1 LABEL=Bike INSIDE_ROI=True
2026-08-07 00:04:16,824 | ROI | ERROR | Redis Save Error: unknown command 'HELLO'
2026-08-07 00:04:16,832 | ROI | INFO | Frame written to video -> CAM=c1 LABEL=Bike
2026-08-07 00:04:16,848 | ROI | INFO | CAM=c1 LABEL=Car INSIDE_ROI=False
2026-08-07 00:04:16,848 | ROI | INFO | CAM=c1 LABEL=Car INSIDE_ROI=True
2026-08-07 00:04:16,858 | ROI | ERROR | Redis Save Error: unknown command 'HELLO'
2026-08-07 00:04:16,887 | ROI | INFO | Frame written to video -> CAM=c1 LABEL=Car
2026-08-07 00:04:17,617 | ROI | INFO | CAM=c1 LABEL=Bike INSIDE_ROI=False
2026-08-07 00:04:17,617 | ROI | INFO | CAM=c1 LABEL=Car INSIDE_ROI=False
2026-08-07 00:04:17,618 | ROI | INFO | CAM=c1 LABEL=Bike INSIDE_ROI=True
2026-08-07 00:04:17,622 | ROI | ERROR | Redis Save Error: unknown command 'HELLO'
2026-08-07 00:04:17,625 | ROI | INFO | Frame written to video -> CAM=c1 LABEL=Bike
2026-08-07 00:04:18,347 | ROI | INFO | CAM=c1 LABEL=Car INSIDE_ROI=False
2026-08-07 00:04:18,347 | ROI | INFO | CAM=c1 LABEL=Bike INSIDE_ROI=True
2026-08-07 00:04:18,352 | ROI | ERROR | Redis Save Error: unknown command 'HELLO'
2026-08-07 00:04:18,355 | ROI | INFO | Frame written to video -> CAM=c1 LABEL=Bike
2026-08-07 00:04:18,356 | ROI | INFO | CAM=c1 LABEL=Bike INSIDE_ROI=False
2026-08-07 00:04:18,914 | ROI | INFO | CAM=c1 LABEL=Bike INSIDE_ROI=True
2026-08-07 00:04:18,942 | ROI | ERROR | Redis Save Error: unknown command 'HELLO'
2026-08-07 00:04:18,946 | ROI | INFO | Frame written to video -> CAM=c1 LABEL=Bike
2026-08-07 00:04:18,949 | ROI | INFO | CAM=c1 LABEL=Bike INSIDE_ROI=False
2026-08-07 00:04:19,507 | ROI | INFO | CAM=c1 LABEL=Car INSIDE_ROI=False
2026-08-07 00:04:20,079 | ROI | INFO | CAM=c1 LABEL=Car INSIDE_ROI=False
2026-08-07 00:04:20,079 | ROI | INFO | CAM=c1 LABEL=Bike INSIDE_ROI=True
2026-08-07 00:04:20,083 | ROI | ERROR | Redis Save Error: unknown command 'HELLO'
2026-08-07 00:04:20,087 | ROI | INFO | Frame written to video -> CAM=c1 LABEL=Bike
2026-08-07 00:04:20,667 | ROI | INFO | CAM=c1 LABEL=Car INSIDE_ROI=False
2026-08-07 00:04:21,317 | ROI | INFO | CAM=c1 LABEL=Car INSIDE_ROI=False
2026-08-07 00:04:21,917 | ROI | INFO | CAM=c1 LABEL=Bike INSIDE_ROI=False
2026-08-07 00:04:22,570 | ROI | INFO | CAM=c1 LABEL=Car INSIDE_ROI=False
2026-08-07 00:04:23,168 | ROI | INFO | CAM=c1 LABEL=Bike INSIDE_ROI=False
2026-08-07 00:04:23,168 | ROI | INFO | CAM=c1 LABEL=Car INSIDE_ROI=False
2026-08-07 00:04:23,169 | ROI | INFO | CAM=c1 LABEL=Bike INSIDE_ROI=True
2026-08-07 00:04:23,173 | ROI | ERROR | Redis Save Error: unknown command 'HELLO'
2026-08-07 00:04:23,176 | ROI | INFO | Frame written to video -> CAM=c1 LABEL=Bike
2026-08-07 00:04:23,769 | ROI | INFO | CAM=c1 LABEL=Bike INSIDE_ROI=False
2026-08-07 00:04:23,769 | ROI | INFO | CAM=c1 LABEL=Car INSIDE_ROI=False
2026-08-07 00:04:23,770 | ROI | INFO | CAM=c1 LABEL=Bike INSIDE_ROI=True
2026-08-07 00:04:23,774 | ROI | ERROR | Redis Save Error: unknown command 'HELLO'
2026-08-07 00:04:23,777 | ROI | INFO | Frame written to video -> CAM=c1 LABEL=Bike
2026-08-07 00:04:24,331 | ROI | INFO | CAM=c1 LABEL=Bike INSIDE_ROI=False
2026-08-07 00:04:24,332 | ROI | INFO | CAM=c1 LABEL=Car INSIDE_ROI=False
2026-08-07 00:04:24,983 | ROI | INFO | CAM=c1 LABEL=Bike INSIDE_ROI=False
2026-08-07 00:04:24,984 | ROI | INFO | CAM=c1 LABEL=Bike INSIDE_ROI=True
2026-08-07 00:04:24,988 | ROI | ERROR | Redis Save Error: unknown command 'HELLO'
2026-08-07 00:04:24,991 | ROI | INFO | Frame written to video -> CAM=c1 LABEL=Bike
2026-08-07 00:04:24,991 | ROI | INFO | CAM=c1 LABEL=Car INSIDE_ROI=False
2026-08-07 00:04:25,583 | ROI | INFO | CAM=c1 LABEL=Car INSIDE_ROI=False
2026-08-07 00:04:26,115 | ROI | INFO | CAM=c1 LABEL=Car INSIDE_ROI=False
2026-08-07 00:04:26,532 | ROI | INFO | CAM=c1 LABEL=Car INSIDE_ROI=False
2026-08-07 00:04:26,930 | ROI | INFO | CAM=c1 LABEL=Car INSIDE_ROI=False
2026-08-07 00:04:26,931 | ROI | INFO | CAM=c1 LABEL=Bike INSIDE_ROI=False
2026-08-07 00:04:27,320 | ROI | INFO | CAM=c1 LABEL=Bike INSIDE_ROI=False
2026-08-07 00:04:27,320 | ROI | INFO | CAM=c1 LABEL=Car INSIDE_ROI=False
2026-08-07 00:04:27,694 | ROI | INFO | CAM=c1 LABEL=Bike INSIDE_ROI=False
2026-08-07 00:04:27,695 | ROI | INFO | CAM=c1 LABEL=Bike INSIDE_ROI=True
2026-08-07 00:04:27,697 | ROI | ERROR | Redis Save Error: unknown command 'HELLO'
2026-08-07 00:04:27,699 | ROI | INFO | Frame written to video -> CAM=c1 LABEL=Bike
2026-08-07 00:04:27,699 | ROI | INFO | CAM=c1 LABEL=Car INSIDE_ROI=False
2026-08-07 00:04:28,068 | ROI | INFO | CAM=c1 LABEL=Bike INSIDE_ROI=False
2026-08-07 00:04:28,068 | ROI | INFO | CAM=c1 LABEL=Car INSIDE_ROI=False
2026-08-07 00:04:28,442 | ROI | INFO | CAM=c1 LABEL=Bike INSIDE_ROI=False
2026-08-07 00:04:28,442 | ROI | INFO | CAM=c1 LABEL=Car INSIDE_ROI=False
2026-08-07 00:04:28,442 | ROI | INFO | CAM=c1 LABEL=Bike INSIDE_ROI=True
2026-08-07 00:04:28,466 | ROI | ERROR | Redis Save Error: unknown command 'HELLO'
2026-08-07 00:04:28,469 | ROI | INFO | Frame written to video -> CAM=c1 LABEL=Bike
2026-08-07 00:04:28,820 | ROI | INFO | CAM=c1 LABEL=Bike INSIDE_ROI=True
2026-08-07 00:04:28,823 | ROI | ERROR | Redis Save Error: unknown command 'HELLO'
2026-08-07 00:04:28,825 | ROI | INFO | Frame written to video -> CAM=c1 LABEL=Bike
2026-08-07 00:04:28,825 | ROI | INFO | CAM=c1 LABEL=Bike INSIDE_ROI=False
2026-08-07 00:04:28,825 | ROI | INFO | CAM=c1 LABEL=Car INSIDE_ROI=False
2026-08-07 00:04:29,213 | ROI | INFO | CAM=c1 LABEL=Bike INSIDE_ROI=False
2026-08-07 00:04:29,213 | ROI | INFO | CAM=c1 LABEL=Car INSIDE_ROI=False
2026-08-07 00:04:29,213 | ROI | INFO | CAM=c1 LABEL=Bike INSIDE_ROI=True
2026-08-07 00:04:29,217 | ROI | ERROR | Redis Save Error: unknown command 'HELLO'
2026-08-07 00:04:29,219 | ROI | INFO | Frame written to video -> CAM=c1 LABEL=Bike
2026-08-07 00:04:29,595 | ROI | INFO | CAM=c1 LABEL=Bike INSIDE_ROI=False
2026-08-07 00:04:29,595 | ROI | INFO | CAM=c1 LABEL=Bike INSIDE_ROI=False
2026-08-07 00:04:29,596 | ROI | INFO | CAM=c1 LABEL=Car INSIDE_ROI=False
2026-08-07 00:04:29,996 | ROI | INFO | CAM=c1 LABEL=Bike INSIDE_ROI=False
2026-08-07 00:04:29,997 | ROI | INFO | CAM=c1 LABEL=Bike INSIDE_ROI=False
2026-08-07 00:04:29,997 | ROI | INFO | CAM=c1 LABEL=Car INSIDE_ROI=False
2026-08-07 00:04:30,390 | ROI | INFO | CAM=c1 LABEL=Bike INSIDE_ROI=False
2026-08-07 00:04:30,390 | ROI | INFO | CAM=c1 LABEL=Car INSIDE_ROI=False
2026-08-07 00:04:30,821 | ROI | INFO | CAM=c1 LABEL=Bike INSIDE_ROI=False
2026-08-07 00:04:30,822 | ROI | INFO | CAM=c1 LABEL=Car INSIDE_ROI=False
2026-08-07 00:04:31,184 | ROI | INFO | CAM=c1 LABEL=Car INSIDE_ROI=False
2026-08-07 00:04:31,185 | ROI | INFO | CAM=c1 LABEL=Bike INSIDE_ROI=False
2026-08-07 00:04:31,185 | ROI | INFO | CAM=c1 LABEL=Bike INSIDE_ROI=False
2026-08-07 00:04:31,573 | ROI | INFO | CAM=c1 LABEL=Bike INSIDE_ROI=False
2026-08-07 00:04:31,574 | ROI | INFO | CAM=c1 LABEL=Bike INSIDE_ROI=True
2026-08-07 00:04:31,577 | ROI | ERROR | Redis Save Error: unknown command 'HELLO'
2026-08-07 00:04:31,580 | ROI | INFO | Frame written to video -> CAM=c1 LABEL=Bike
2026-08-07 00:04:31,971 | ROI | INFO | CAM=c1 LABEL=Bike INSIDE_ROI=False
2026-08-07 00:04:32,363 | ROI | INFO | CAM=c1 LABEL=Bike INSIDE_ROI=False
2026-08-07 00:04:32,364 | ROI | INFO | CAM=c1 LABEL=Bike INSIDE_ROI=False
2026-08-07 00:04:32,364 | ROI | INFO | CAM=c1 LABEL=Car INSIDE_ROI=False
2026-08-07 00:04:32,760 | ROI | INFO | CAM=c1 LABEL=Car INSIDE_ROI=False
2026-08-07 00:04:32,761 | ROI | INFO | CAM=c1 LABEL=Bike INSIDE_ROI=False
2026-08-07 00:04:33,138 | ROI | INFO | CAM=c1 LABEL=Bike INSIDE_ROI=False
2026-08-07 00:04:33,138 | ROI | INFO | CAM=c1 LABEL=Bike INSIDE_ROI=False
2026-08-07 00:04:33,139 | ROI | INFO | CAM=c1 LABEL=Car INSIDE_ROI=False
2026-08-07 00:04:33,866 | ROI | INFO | CAM=c1 LABEL=Bike INSIDE_ROI=False
2026-08-07 00:04:33,866 | ROI | INFO | CAM=c1 LABEL=Car INSIDE_ROI=False
2026-08-07 00:04:34,559 | ROI | INFO | CAM=c1 LABEL=Bike INSIDE_ROI=False
2026-08-07 00:04:34,560 | ROI | INFO | CAM=c1 LABEL=Car INSIDE_ROI=False
2026-08-07 00:04:35,287 | ROI | INFO | CAM=c1 LABEL=Bike INSIDE_ROI=False
2026-08-07 00:04:35,287 | ROI | INFO | CAM=c1 LABEL=Car INSIDE_ROI=False
2026-08-07 00:04:35,287 | ROI | INFO | CAM=c1 LABEL=Bike INSIDE_ROI=True
2026-08-07 00:04:35,309 | ROI | ERROR | Redis Save Error: unknown command 'HELLO'
2026-08-07 00:04:35,311 | ROI | INFO | Frame written to video -> CAM=c1 LABEL=Bike
2026-08-07 00:04:35,312 | ROI | INFO | CAM=c1 LABEL=Bike INSIDE_ROI=True
2026-08-07 00:04:35,324 | ROI | ERROR | Redis Save Error: unknown command 'HELLO'
2026-08-07 00:04:35,326 | ROI | INFO | Frame written to video -> CAM=c1 LABEL=Bike
2026-08-07 00:04:36,029 | ROI | INFO | CAM=c1 LABEL=Bike INSIDE_ROI=False
2026-08-07 00:04:36,030 | ROI | INFO | CAM=c1 LABEL=Car INSIDE_ROI=False
2026-08-07 00:04:36,030 | ROI | INFO | CAM=c1 LABEL=Bike INSIDE_ROI=True
2026-08-07 00:04:36,032 | ROI | ERROR | Redis Save Error: unknown command 'HELLO'
2026-08-07 00:04:36,033 | ROI | INFO | Frame written to video -> CAM=c1 LABEL=Bike
2026-08-07 00:04:36,034 | ROI | INFO | CAM=c1 LABEL=Bike INSIDE_ROI=True
2026-08-07 00:04:36,050 | ROI | ERROR | Redis Save Error: unknown command 'HELLO'
2026-08-07 00:04:36,052 | ROI | INFO | Frame written to video -> CAM=c1 LABEL=Bike
2026-08-07 00:04:36,052 | ROI | INFO | CAM=c1 LABEL=Bike INSIDE_ROI=True
2026-08-07 00:04:36,066 | ROI | ERROR | Redis Save Error: unknown command 'HELLO'
2026-08-07 00:04:36,068 | ROI | INFO | Frame written to video -> CAM=c1 LABEL=Bike
2026-08-07 00:04:36,755 | ROI | INFO | CAM=c1 LABEL=Bike INSIDE_ROI=False
2026-08-07 00:04:36,755 | ROI | INFO | CAM=c1 LABEL=Bike INSIDE_ROI=False
2026-08-07 00:04:36,755 | ROI | INFO | CAM=c1 LABEL=Car INSIDE_ROI=False
2026-08-07 00:04:36,755 | ROI | INFO | CAM=c1 LABEL=Bike INSIDE_ROI=True
2026-08-07 00:04:36,771 | ROI | ERROR | Redis Save Error: unknown command 'HELLO'
2026-08-07 00:04:36,773 | ROI | INFO | Frame written to video -> CAM=c1 LABEL=Bike
2026-08-07 00:04:37,465 | ROI | INFO | CAM=c1 LABEL=Bike INSIDE_ROI=False
2026-08-07 00:04:37,466 | ROI | INFO | CAM=c1 LABEL=Bike INSIDE_ROI=False
2026-08-07 00:04:37,466 | ROI | INFO | CAM=c1 LABEL=Bike INSIDE_ROI=True
2026-08-07 00:04:37,492 | ROI | ERROR | Redis Save Error: unknown command 'HELLO'
2026-08-07 00:04:37,494 | ROI | INFO | Frame written to video -> CAM=c1 LABEL=Bike
2026-08-07 00:04:37,494 | ROI | INFO | CAM=c1 LABEL=Car INSIDE_ROI=False
2026-08-07 00:04:37,494 | ROI | INFO | CAM=c1 LABEL=Bike INSIDE_ROI=False
2026-08-07 00:04:38,205 | ROI | INFO | CAM=c1 LABEL=Bike INSIDE_ROI=False
2026-08-07 00:04:38,205 | ROI | INFO | CAM=c1 LABEL=Bike INSIDE_ROI=True
2026-08-07 00:04:38,226 | ROI | ERROR | Redis Save Error: unknown command 'HELLO'
2026-08-07 00:04:38,228 | ROI | INFO | Frame written to video -> CAM=c1 LABEL=Bike
2026-08-07 00:04:38,228 | ROI | INFO | CAM=c1 LABEL=Bike INSIDE_ROI=False
2026-08-07 00:04:38,228 | ROI | INFO | CAM=c1 LABEL=Car INSIDE_ROI=False
2026-08-07 00:04:38,929 | ROI | INFO | CAM=c1 LABEL=Bike INSIDE_ROI=False
2026-08-07 00:04:38,930 | ROI | INFO | CAM=c1 LABEL=Bike INSIDE_ROI=False
2026-08-07 00:04:38,930 | ROI | INFO | CAM=c1 LABEL=Bike INSIDE_ROI=True
2026-08-07 00:04:38,942 | ROI | ERROR | Redis Save Error: unknown command 'HELLO'
2026-08-07 00:04:38,943 | ROI | INFO | Frame written to video -> CAM=c1 LABEL=Bike
2026-08-07 00:04:38,944 | ROI | INFO | CAM=c1 LABEL=Car INSIDE_ROI=False
2026-08-07 00:04:39,643 | ROI | INFO | CAM=c1 LABEL=Bike INSIDE_ROI=False
2026-08-07 00:04:39,643 | ROI | INFO | CAM=c1 LABEL=Bike INSIDE_ROI=False
2026-08-07 00:04:39,643 | ROI | INFO | CAM=c1 LABEL=Car INSIDE_ROI=False
2026-08-07 00:04:39,643 | ROI | INFO | CAM=c1 LABEL=Bike INSIDE_ROI=False
2026-08-07 00:04:40,363 | ROI | INFO | CAM=c1 LABEL=Bike INSIDE_ROI=False
2026-08-07 00:04:40,363 | ROI | INFO | CAM=c1 LABEL=Bike INSIDE_ROI=False
2026-08-07 00:04:40,363 | ROI | INFO | CAM=c1 LABEL=Car INSIDE_ROI=False
2026-08-07 00:04:40,363 | ROI | INFO | CAM=c1 LABEL=Bike INSIDE_ROI=False
2026-08-07 00:04:41,066 | ROI | INFO | CAM=c1 LABEL=Bike INSIDE_ROI=False
2026-08-07 00:04:41,066 | ROI | INFO | CAM=c1 LABEL=Bike INSIDE_ROI=False
2026-08-07 00:04:41,067 | ROI | INFO | CAM=c1 LABEL=Bike INSIDE_ROI=True
2026-08-07 00:04:41,083 | ROI | ERROR | Redis Save Error: unknown command 'HELLO'
2026-08-07 00:04:41,085 | ROI | INFO | Frame written to video -> CAM=c1 LABEL=Bike
2026-08-07 00:04:41,085 | ROI | INFO | CAM=c1 LABEL=Car INSIDE_ROI=False
2026-08-07 00:04:41,085 | ROI | INFO | CAM=c1 LABEL=Bike INSIDE_ROI=True
2026-08-07 00:04:41,100 | ROI | ERROR | Redis Save Error: unknown command 'HELLO'
2026-08-07 00:04:41,100 | ROI | INFO | Frame written to video -> CAM=c1 LABEL=Bike
2026-08-07 00:04:41,102 | ROI | INFO | CAM=c1 LABEL=Bike INSIDE_ROI=False
2026-08-07 00:04:41,736 | ROI | INFO | CAM=c1 LABEL=Bike INSIDE_ROI=False
2026-08-07 00:04:41,736 | ROI | INFO | CAM=c1 LABEL=Bike INSIDE_ROI=False
2026-08-07 00:04:41,736 | ROI | INFO | CAM=c1 LABEL=Car INSIDE_ROI=False
2026-08-07 00:04:42,446 | ROI | INFO | CAM=c1 LABEL=Bike INSIDE_ROI=False
2026-08-07 00:04:42,447 | ROI | INFO | CAM=c1 LABEL=Bike INSIDE_ROI=False
2026-08-07 00:04:43,162 | ROI | INFO | CAM=c1 LABEL=Bike INSIDE_ROI=False
2026-08-07 00:04:43,162 | ROI | INFO | CAM=c1 LABEL=Bike INSIDE_ROI=False
2026-08-07 00:04:43,162 | ROI | INFO | CAM=c1 LABEL=Car INSIDE_ROI=False
2026-08-07 00:04:43,162 | ROI | INFO | CAM=c1 LABEL=Bike INSIDE_ROI=True
2026-08-07 00:04:43,176 | ROI | ERROR | Redis Save Error: unknown command 'HELLO'
2026-08-07 00:04:43,177 | ROI | INFO | Frame written to video -> CAM=c1 LABEL=Bike
2026-08-07 00:04:43,897 | ROI | INFO | CAM=c1 LABEL=Bike INSIDE_ROI=False
2026-08-07 00:04:43,897 | ROI | INFO | CAM=c1 LABEL=Car INSIDE_ROI=False
2026-08-07 00:04:43,897 | ROI | INFO | CAM=c1 LABEL=Bike INSIDE_ROI=False
2026-08-07 00:04:43,897 | ROI | INFO | CAM=c1 LABEL=Bike INSIDE_ROI=False
2026-08-07 00:04:43,898 | ROI | INFO | CAM=c1 LABEL=Bike INSIDE_ROI=True
2026-08-07 00:04:43,902 | ROI | ERROR | Redis Save Error: unknown command 'HELLO'
2026-08-07 00:04:43,904 | ROI | INFO | Frame written to video -> CAM=c1 LABEL=Bike
2026-08-07 00:04:43,904 | ROI | INFO | CAM=c1 LABEL=Bike INSIDE_ROI=True
2026-08-07 00:04:43,908 | ROI | ERROR | Redis Save Error: unknown command 'HELLO'
2026-08-07 00:04:43,911 | ROI | INFO | Frame written to video -> CAM=c1 LABEL=Bike
2026-08-07 00:04:43,912 | ROI | INFO | CAM=c1 LABEL=Bike INSIDE_ROI=True
2026-08-07 00:04:43,919 | ROI | ERROR | Redis Save Error: unknown command 'HELLO'
2026-08-07 00:04:43,921 | ROI | INFO | Frame written to video -> CAM=c1 LABEL=Bike
2026-08-07 00:04:44,597 | ROI | INFO | CAM=c1 LABEL=Bike INSIDE_ROI=False
2026-08-07 00:04:44,598 | ROI | INFO | CAM=c1 LABEL=Bike INSIDE_ROI=False
2026-08-07 00:04:44,598 | ROI | INFO | CAM=c1 LABEL=Bike INSIDE_ROI=True
2026-08-07 00:04:44,602 | ROI | ERROR | Redis Save Error: unknown command 'HELLO'
2026-08-07 00:04:44,604 | ROI | INFO | Frame written to video -> CAM=c1 LABEL=Bike
2026-08-07 00:04:44,605 | ROI | INFO | CAM=c1 LABEL=Bike INSIDE_ROI=True
2026-08-07 00:04:44,609 | ROI | ERROR | Redis Save Error: unknown command 'HELLO'
2026-08-07 00:04:44,611 | ROI | INFO | Frame written to video -> CAM=c1 LABEL=Bike
2026-08-07 00:04:45,327 | ROI | INFO | CAM=c1 LABEL=Bike INSIDE_ROI=False
2026-08-07 00:04:45,328 | ROI | INFO | CAM=c1 LABEL=Bike INSIDE_ROI=False
2026-08-07 00:04:45,328 | ROI | INFO | CAM=c1 LABEL=Bike INSIDE_ROI=False
2026-08-07 00:04:45,328 | ROI | INFO | CAM=c1 LABEL=Bike INSIDE_ROI=True
2026-08-07 00:04:45,333 | ROI | ERROR | Redis Save Error: unknown command 'HELLO'
2026-08-07 00:04:45,335 | ROI | INFO | Frame written to video -> CAM=c1 LABEL=Bike
2026-08-07 00:04:45,336 | ROI | INFO | CAM=c1 LABEL=Bike INSIDE_ROI=True
2026-08-07 00:04:45,362 | ROI | ERROR | Redis Save Error: unknown command 'HELLO'
2026-08-07 00:04:45,364 | ROI | INFO | Frame written to video -> CAM=c1 LABEL=Bike
2026-08-07 00:04:46,020 | ROI | INFO | CAM=c1 LABEL=Bike INSIDE_ROI=False
2026-08-07 00:04:46,021 | ROI | INFO | CAM=c1 LABEL=Bike INSIDE_ROI=False
2026-08-07 00:04:46,021 | ROI | INFO | CAM=c1 LABEL=Bike INSIDE_ROI=True
2026-08-07 00:04:46,025 | ROI | ERROR | Redis Save Error: unknown command 'HELLO'
2026-08-07 00:04:46,027 | ROI | INFO | Frame written to video -> CAM=c1 LABEL=Bike
2026-08-07 00:04:46,713 | ROI | INFO | CAM=c1 LABEL=Bike INSIDE_ROI=False
2026-08-07 00:04:46,714 | ROI | INFO | CAM=c1 LABEL=Bike INSIDE_ROI=False
2026-08-07 00:04:46,714 | ROI | INFO | CAM=c1 LABEL=Bike INSIDE_ROI=False
2026-08-07 00:04:46,714 | ROI | INFO | CAM=c1 LABEL=Bike INSIDE_ROI=True
2026-08-07 00:04:46,737 | ROI | ERROR | Redis Save Error: unknown command 'HELLO'
2026-08-07 00:04:46,740 | ROI | INFO | Frame written to video -> CAM=c1 LABEL=Bike
2026-08-07 00:04:46,740 | ROI | INFO | CAM=c1 LABEL=Bike INSIDE_ROI=True
2026-08-07 00:04:46,748 | ROI | ERROR | Redis Save Error: unknown command 'HELLO'
2026-08-07 00:04:46,750 | ROI | INFO | Frame written to video -> CAM=c1 LABEL=Bike
2026-08-07 00:04:46,752 | ROI | INFO | CAM=c1 LABEL=Bike INSIDE_ROI=False
2026-08-07 00:04:47,448 | ROI | INFO | CAM=c1 LABEL=Bike INSIDE_ROI=False
2026-08-07 00:04:47,449 | ROI | INFO | CAM=c1 LABEL=Bike INSIDE_ROI=False
2026-08-07 00:04:47,449 | ROI | INFO | CAM=c1 LABEL=Bike INSIDE_ROI=False
2026-08-07 00:04:47,449 | ROI | INFO | CAM=c1 LABEL=Car INSIDE_ROI=False
2026-08-07 00:04:47,450 | ROI | INFO | CAM=c1 LABEL=Bike INSIDE_ROI=True
2026-08-07 00:04:47,454 | ROI | ERROR | Redis Save Error: unknown command 'HELLO'
2026-08-07 00:04:47,456 | ROI | INFO | Frame written to video -> CAM=c1 LABEL=Bike
2026-08-07 00:04:48,158 | ROI | INFO | CAM=c1 LABEL=Bike INSIDE_ROI=False
2026-08-07 00:04:48,158 | ROI | INFO | CAM=c1 LABEL=Bike INSIDE_ROI=False
2026-08-07 00:04:48,158 | ROI | INFO | CAM=c1 LABEL=Car INSIDE_ROI=False
2026-08-07 00:04:48,159 | ROI | INFO | CAM=c1 LABEL=Bike INSIDE_ROI=False
2026-08-07 00:04:48,159 | ROI | INFO | CAM=c1 LABEL=Bike INSIDE_ROI=True
2026-08-07 00:04:48,163 | ROI | ERROR | Redis Save Error: unknown command 'HELLO'
2026-08-07 00:04:48,166 | ROI | INFO | Frame written to video -> CAM=c1 LABEL=Bike
2026-08-07 00:04:48,843 | ROI | INFO | CAM=c1 LABEL=Bike INSIDE_ROI=False
2026-08-07 00:04:48,843 | ROI | INFO | CAM=c1 LABEL=Bike INSIDE_ROI=False
2026-08-07 00:04:48,844 | ROI | INFO | CAM=c1 LABEL=Car INSIDE_ROI=False
2026-08-07 00:04:48,844 | ROI | INFO | CAM=c1 LABEL=Bike INSIDE_ROI=True
2026-08-07 00:04:48,848 | ROI | ERROR | Redis Save Error: unknown command 'HELLO'
2026-08-07 00:04:48,850 | ROI | INFO | Frame written to video -> CAM=c1 LABEL=Bike
2026-08-07 00:04:49,557 | ROI | INFO | CAM=c1 LABEL=Bike INSIDE_ROI=False
2026-08-07 00:04:49,558 | ROI | INFO | CAM=c1 LABEL=Bike INSIDE_ROI=False
2026-08-07 00:04:49,558 | ROI | INFO | CAM=c1 LABEL=Car INSIDE_ROI=False
2026-08-07 00:04:49,558 | ROI | INFO | CAM=c1 LABEL=Bike INSIDE_ROI=True
2026-08-07 00:04:49,563 | ROI | ERROR | Redis Save Error: unknown command 'HELLO'
2026-08-07 00:04:49,565 | ROI | INFO | Frame written to video -> CAM=c1 LABEL=Bike
2026-08-07 00:04:49,565 | ROI | INFO | CAM=c1 LABEL=Bike INSIDE_ROI=False
2026-08-07 00:04:50,270 | ROI | INFO | CAM=c1 LABEL=Bike INSIDE_ROI=False
2026-08-07 00:04:50,271 | ROI | INFO | CAM=c1 LABEL=Bike INSIDE_ROI=False
2026-08-07 00:04:50,271 | ROI | INFO | CAM=c1 LABEL=Bike INSIDE_ROI=True
2026-08-07 00:04:50,298 | ROI | ERROR | Redis Save Error: unknown command 'HELLO'
2026-08-07 00:04:50,305 | ROI | INFO | Frame written to video -> CAM=c1 LABEL=Bike
2026-08-07 00:04:50,305 | ROI | INFO | CAM=c1 LABEL=Car INSIDE_ROI=False
2026-08-07 00:04:50,305 | ROI | INFO | CAM=c1 LABEL=Bike INSIDE_ROI=True
2026-08-07 00:04:50,312 | ROI | ERROR | Redis Save Error: unknown command 'HELLO'
2026-08-07 00:04:50,318 | ROI | INFO | Frame written to video -> CAM=c1 LABEL=Bike
2026-08-07 00:04:50,321 | ROI | INFO | CAM=c1 LABEL=Bike INSIDE_ROI=True
2026-08-07 00:04:50,328 | ROI | ERROR | Redis Save Error: unknown command 'HELLO'
2026-08-07 00:04:50,331 | ROI | INFO | Frame written to video -> CAM=c1 LABEL=Bike
2026-08-07 00:04:50,332 | ROI | INFO | CAM=c1 LABEL=Bike INSIDE_ROI=False
2026-08-07 00:04:50,333 | ROI | INFO | CAM=c1 LABEL=Bike INSIDE_ROI=False
2026-08-07 00:04:50,333 | ROI | INFO | CAM=c1 LABEL=Bike INSIDE_ROI=False
2026-08-07 00:04:50,960 | ROI | INFO | CAM=c1 LABEL=Bike INSIDE_ROI=False
2026-08-07 00:04:50,960 | ROI | INFO | CAM=c1 LABEL=Bike INSIDE_ROI=False
2026-08-07 00:04:50,961 | ROI | INFO | CAM=c1 LABEL=Bike INSIDE_ROI=False
2026-08-07 00:04:50,961 | ROI | INFO | CAM=c1 LABEL=Bike INSIDE_ROI=False
2026-08-07 00:04:50,961 | ROI | INFO | CAM=c1 LABEL=Bike INSIDE_ROI=True
2026-08-07 00:04:50,966 | ROI | ERROR | Redis Save Error: unknown command 'HELLO'
2026-08-07 00:04:50,968 | ROI | INFO | Frame written to video -> CAM=c1 LABEL=Bike
2026-08-07 00:04:50,969 | ROI | INFO | CAM=c1 LABEL=Bike INSIDE_ROI=False
2026-08-07 00:04:50,969 | ROI | INFO | CAM=c1 LABEL=Car INSIDE_ROI=False
2026-08-07 00:04:50,969 | ROI | INFO | CAM=c1 LABEL=Bike INSIDE_ROI=True
2026-08-07 00:04:50,974 | ROI | ERROR | Redis Save Error: unknown command 'HELLO'
2026-08-07 00:04:50,976 | ROI | INFO | Frame written to video -> CAM=c1 LABEL=Bike
2026-08-07 00:04:50,976 | ROI | INFO | CAM=c1 LABEL=Car INSIDE_ROI=False
2026-08-07 00:04:51,671 | ROI | INFO | CAM=c1 LABEL=Bike INSIDE_ROI=False
2026-08-07 00:04:51,671 | ROI | INFO | CAM=c1 LABEL=Bike INSIDE_ROI=False
2026-08-07 00:04:51,671 | ROI | INFO | CAM=c1 LABEL=Bike INSIDE_ROI=False
2026-08-07 00:04:51,672 | ROI | INFO | CAM=c1 LABEL=Bike INSIDE_ROI=False
2026-08-07 00:04:51,672 | ROI | INFO | CAM=c1 LABEL=Bike INSIDE_ROI=True
2026-08-07 00:04:51,676 | ROI | ERROR | Redis Save Error: unknown command 'HELLO'
2026-08-07 00:04:51,678 | ROI | INFO | Frame written to video -> CAM=c1 LABEL=Bike
2026-08-07 00:04:52,392 | ROI | INFO | CAM=c1 LABEL=Bike INSIDE_ROI=False
2026-08-07 00:04:52,392 | ROI | INFO | CAM=c1 LABEL=Car INSIDE_ROI=False
2026-08-07 00:04:52,392 | ROI | INFO | CAM=c1 LABEL=Car INSIDE_ROI=False
2026-08-07 00:04:53,087 | ROI | INFO | CAM=c1 LABEL=Bike INSIDE_ROI=False
2026-08-07 00:04:53,087 | ROI | INFO | CAM=c1 LABEL=Bike INSIDE_ROI=True
2026-08-07 00:04:53,092 | ROI | ERROR | Redis Save Error: unknown command 'HELLO'
2026-08-07 00:04:53,095 | ROI | INFO | Frame written to video -> CAM=c1 LABEL=Bike
2026-08-07 00:04:53,096 | ROI | INFO | CAM=c1 LABEL=Bike INSIDE_ROI=False
2026-08-07 00:04:53,096 | ROI | INFO | CAM=c1 LABEL=Car INSIDE_ROI=False
2026-08-07 00:04:53,096 | ROI | INFO | CAM=c1 LABEL=Car INSIDE_ROI=False
2026-08-07 00:04:53,097 | ROI | INFO | CAM=c1 LABEL=Bike INSIDE_ROI=False
2026-08-07 00:04:53,097 | ROI | INFO | CAM=c1 LABEL=Bike INSIDE_ROI=False
2026-08-07 00:04:53,097 | ROI | INFO | CAM=c1 LABEL=Bike INSIDE_ROI=True
2026-08-07 00:04:53,102 | ROI | ERROR | Redis Save Error: unknown command 'HELLO'
2026-08-07 00:04:53,107 | ROI | INFO | Frame written to video -> CAM=c1 LABEL=Bike
2026-08-07 00:04:53,785 | ROI | INFO | CAM=c1 LABEL=Bike INSIDE_ROI=False
2026-08-07 00:04:53,785 | ROI | INFO | CAM=c1 LABEL=Bike INSIDE_ROI=False
2026-08-07 00:04:53,785 | ROI | INFO | CAM=c1 LABEL=Car INSIDE_ROI=False
2026-08-07 00:04:53,786 | ROI | INFO | CAM=c1 LABEL=Bike INSIDE_ROI=True
2026-08-07 00:04:53,790 | ROI | ERROR | Redis Save Error: unknown command 'HELLO'
2026-08-07 00:04:53,792 | ROI | INFO | Frame written to video -> CAM=c1 LABEL=Bike
2026-08-07 00:04:53,792 | ROI | INFO | CAM=c1 LABEL=Bike INSIDE_ROI=True
2026-08-07 00:04:53,797 | ROI | ERROR | Redis Save Error: unknown command 'HELLO'
2026-08-07 00:04:53,799 | ROI | INFO | Frame written to video -> CAM=c1 LABEL=Bike
2026-08-07 00:04:54,517 | ROI | INFO | CAM=c1 LABEL=Bike INSIDE_ROI=False
2026-08-07 00:04:54,518 | ROI | INFO | CAM=c1 LABEL=Bike INSIDE_ROI=False
2026-08-07 00:04:54,518 | ROI | INFO | CAM=c1 LABEL=Car INSIDE_ROI=False
2026-08-07 00:04:54,518 | ROI | INFO | CAM=c1 LABEL=Car INSIDE_ROI=False
2026-08-07 00:04:54,518 | ROI | INFO | CAM=c1 LABEL=Bike INSIDE_ROI=False
2026-08-07 00:04:55,239 | ROI | INFO | CAM=c1 LABEL=Bike INSIDE_ROI=False
2026-08-07 00:04:55,239 | ROI | INFO | CAM=c1 LABEL=Bike INSIDE_ROI=False
2026-08-07 00:04:55,240 | ROI | INFO | CAM=c1 LABEL=Car INSIDE_ROI=False
2026-08-07 00:04:55,240 | ROI | INFO | CAM=c1 LABEL=Car INSIDE_ROI=False
2026-08-07 00:04:55,240 | ROI | INFO | CAM=c1 LABEL=Bike INSIDE_ROI=False
2026-08-07 00:04:55,240 | ROI | INFO | CAM=c1 LABEL=Bike INSIDE_ROI=True
2026-08-07 00:04:55,245 | ROI | ERROR | Redis Save Error: unknown command 'HELLO'
2026-08-07 00:04:55,248 | ROI | INFO | Frame written to video -> CAM=c1 LABEL=Bike
2026-08-07 00:04:55,249 | ROI | INFO | CAM=c1 LABEL=Bike INSIDE_ROI=False
2026-08-07 00:04:55,951 | ROI | INFO | CAM=c1 LABEL=Bike INSIDE_ROI=False
2026-08-07 00:04:55,952 | ROI | INFO | CAM=c1 LABEL=Car INSIDE_ROI=False
2026-08-07 00:04:55,952 | ROI | INFO | CAM=c1 LABEL=Bike INSIDE_ROI=False
2026-08-07 00:04:55,952 | ROI | INFO | CAM=c1 LABEL=Bike INSIDE_ROI=False
2026-08-07 00:04:55,953 | ROI | INFO | CAM=c1 LABEL=Bike INSIDE_ROI=False
2026-08-07 00:04:55,953 | ROI | INFO | CAM=c1 LABEL=Bike INSIDE_ROI=False
2026-08-07 00:04:55,953 | ROI | INFO | CAM=c1 LABEL=Bike INSIDE_ROI=True
2026-08-07 00:04:55,958 | ROI | ERROR | Redis Save Error: unknown command 'HELLO'
2026-08-07 00:04:55,960 | ROI | INFO | Frame written to video -> CAM=c1 LABEL=Bike
2026-08-07 00:04:55,961 | ROI | INFO | CAM=c1 LABEL=Car INSIDE_ROI=False
2026-08-07 00:04:56,678 | ROI | INFO | CAM=c1 LABEL=Bike INSIDE_ROI=False
2026-08-07 00:04:56,679 | ROI | INFO | CAM=c1 LABEL=Bike INSIDE_ROI=False
2026-08-07 00:04:56,679 | ROI | INFO | CAM=c1 LABEL=Bike INSIDE_ROI=False
2026-08-07 00:04:56,679 | ROI | INFO | CAM=c1 LABEL=Car INSIDE_ROI=False
2026-08-07 00:04:56,680 | ROI | INFO | CAM=c1 LABEL=Bike INSIDE_ROI=True
2026-08-07 00:04:56,686 | ROI | ERROR | Redis Save Error: unknown command 'HELLO'
2026-08-07 00:04:56,690 | ROI | INFO | Frame written to video -> CAM=c1 LABEL=Bike
2026-08-07 00:04:56,691 | ROI | INFO | CAM=c1 LABEL=Bike INSIDE_ROI=False
2026-08-07 00:04:56,692 | ROI | INFO | CAM=c1 LABEL=Bike INSIDE_ROI=False
2026-08-07 00:04:56,692 | ROI | INFO | CAM=c1 LABEL=Car INSIDE_ROI=False
2026-08-07 00:04:56,692 | ROI | INFO | CAM=c1 LABEL=Bike INSIDE_ROI=True
2026-08-07 00:04:56,698 | ROI | ERROR | Redis Save Error: unknown command 'HELLO'
2026-08-07 00:04:56,700 | ROI | INFO | Frame written to video -> CAM=c1 LABEL=Bike
2026-08-07 00:04:57,385 | ROI | INFO | CAM=c1 LABEL=Bike INSIDE_ROI=False
2026-08-07 00:04:57,385 | ROI | INFO | CAM=c1 LABEL=Bike INSIDE_ROI=False
2026-08-07 00:04:57,385 | ROI | INFO | CAM=c1 LABEL=Bike INSIDE_ROI=False
2026-08-07 00:04:57,386 | ROI | INFO | CAM=c1 LABEL=Car INSIDE_ROI=False
2026-08-07 00:04:57,386 | ROI | INFO | CAM=c1 LABEL=Bike INSIDE_ROI=False
2026-08-07 00:04:57,386 | ROI | INFO | CAM=c1 LABEL=Bike INSIDE_ROI=False
2026-08-07 00:04:57,386 | ROI | INFO | CAM=c1 LABEL=Bike INSIDE_ROI=True
2026-08-07 00:04:57,391 | ROI | ERROR | Redis Save Error: unknown command 'HELLO'
2026-08-07 00:04:57,393 | ROI | INFO | Frame written to video -> CAM=c1 LABEL=Bike
2026-08-07 00:04:58,101 | ROI | INFO | CAM=c1 LABEL=Car INSIDE_ROI=False
2026-08-07 00:04:58,102 | ROI | INFO | CAM=c1 LABEL=Bike INSIDE_ROI=False
2026-08-07 00:04:58,102 | ROI | INFO | CAM=c1 LABEL=Bike INSIDE_ROI=False
2026-08-07 00:04:58,102 | ROI | INFO | CAM=c1 LABEL=Bike INSIDE_ROI=False
2026-08-07 00:04:58,103 | ROI | INFO | CAM=c1 LABEL=Bike INSIDE_ROI=False
2026-08-07 00:04:58,103 | ROI | INFO | CAM=c1 LABEL=Bike INSIDE_ROI=True
2026-08-07 00:04:58,107 | ROI | ERROR | Redis Save Error: unknown command 'HELLO'
2026-08-07 00:04:58,110 | ROI | INFO | Frame written to video -> CAM=c1 LABEL=Bike
2026-08-07 00:04:58,110 | ROI | INFO | CAM=c1 LABEL=Car INSIDE_ROI=False
2026-08-07 00:04:58,836 | ROI | INFO | CAM=c1 LABEL=Car INSIDE_ROI=False
2026-08-07 00:04:58,836 | ROI | INFO | CAM=c1 LABEL=Bike INSIDE_ROI=False
2026-08-07 00:04:58,836 | ROI | INFO | CAM=c1 LABEL=Bike INSIDE_ROI=False
2026-08-07 00:04:58,837 | ROI | INFO | CAM=c1 LABEL=Bike INSIDE_ROI=False
2026-08-07 00:04:58,837 | ROI | INFO | CAM=c1 LABEL=Car INSIDE_ROI=False
2026-08-07 00:04:58,837 | ROI | INFO | CAM=c1 LABEL=Bike INSIDE_ROI=True
2026-08-07 00:04:58,841 | ROI | ERROR | Redis Save Error: unknown command 'HELLO'
2026-08-07 00:04:58,844 | ROI | INFO | Frame written to video -> CAM=c1 LABEL=Bike
2026-08-07 00:04:59,337 | ROI | INFO | CAM=c1 LABEL=Car INSIDE_ROI=False
2026-08-07 00:04:59,341 | ROI | INFO | CAM=c1 LABEL=Bike INSIDE_ROI=False
2026-08-07 00:04:59,342 | ROI | INFO | CAM=c1 LABEL=Bike INSIDE_ROI=True
2026-08-07 00:04:59,349 | ROI | ERROR | Redis Save Error: unknown command 'HELLO'
2026-08-07 00:04:59,354 | ROI | INFO | Frame written to video -> CAM=c1 LABEL=Bike
2026-08-07 00:04:59,354 | ROI | INFO | CAM=c1 LABEL=Car INSIDE_ROI=False
2026-08-07 00:04:59,354 | ROI | INFO | CAM=c1 LABEL=Bike INSIDE_ROI=False
2026-08-07 00:04:59,355 | ROI | INFO | CAM=c1 LABEL=Bike INSIDE_ROI=False
2026-08-07 00:04:59,355 | ROI | INFO | CAM=c1 LABEL=Bike INSIDE_ROI=False
2026-08-07 00:04:59,355 | ROI | INFO | CAM=c1 LABEL=Bike INSIDE_ROI=False
2026-08-07 00:04:59,710 | ROI | INFO | CAM=c1 LABEL=Bike INSIDE_ROI=False
2026-08-07 00:04:59,710 | ROI | INFO | CAM=c1 LABEL=Bike INSIDE_ROI=False
2026-08-07 00:04:59,711 | ROI | INFO | CAM=c1 LABEL=Car INSIDE_ROI=False
2026-08-07 00:04:59,712 | ROI | INFO | CAM=c1 LABEL=Car INSIDE_ROI=False
2026-08-07 00:04:59,712 | ROI | INFO | CAM=c1 LABEL=Bike INSIDE_ROI=True
2026-08-07 00:04:59,717 | ROI | ERROR | Redis Save Error: unknown command 'HELLO'
2026-08-07 00:04:59,719 | ROI | INFO | Frame written to video -> CAM=c1 LABEL=Bike
2026-08-07 00:04:59,720 | ROI | INFO | CAM=c1 LABEL=Bike INSIDE_ROI=False
2026-08-07 00:04:59,720 | ROI | INFO | CAM=c1 LABEL=Bike INSIDE_ROI=False
2026-08-07 00:04:59,720 | ROI | INFO | CAM=c1 LABEL=Bike INSIDE_ROI=False
2026-08-07 00:04:59,720 | ROI | INFO | CAM=c1 LABEL=Bike INSIDE_ROI=False
2026-08-07 00:04:59,721 | ROI | INFO | CAM=c1 LABEL=Car INSIDE_ROI=True
2026-08-07 00:04:59,725 | ROI | ERROR | Redis Save Error: unknown command 'HELLO'
2026-08-07 00:04:59,728 | ROI | INFO | Frame written to video -> CAM=c1 LABEL=Car
2026-08-07 00:05:00,153 | ROI | INFO | CAM=c1 LABEL=Bike INSIDE_ROI=False
2026-08-07 00:05:00,153 | ROI | INFO | CAM=c1 LABEL=Car INSIDE_ROI=False
2026-08-07 00:05:00,154 | ROI | INFO | CAM=c1 LABEL=Bike INSIDE_ROI=False
2026-08-07 00:05:00,154 | ROI | INFO | CAM=c1 LABEL=Bike INSIDE_ROI=True
2026-08-07 00:05:00,160 | ROI | ERROR | Redis Save Error: unknown command 'HELLO'
2026-08-07 00:05:00,163 | ROI | INFO | Frame written to video -> CAM=c1 LABEL=Bike
2026-08-07 00:05:00,164 | ROI | INFO | CAM=c1 LABEL=Car INSIDE_ROI=False
2026-08-07 00:05:00,165 | ROI | INFO | CAM=c1 LABEL=Bike INSIDE_ROI=False
2026-08-07 00:05:00,165 | ROI | INFO | CAM=c1 LABEL=Bike INSIDE_ROI=False
2026-08-07 00:05:00,165 | ROI | INFO | CAM=c1 LABEL=Bike INSIDE_ROI=False
2026-08-07 00:05:00,528 | ROI | INFO | CAM=c1 LABEL=Bike INSIDE_ROI=False
2026-08-07 00:05:00,529 | ROI | INFO | CAM=c1 LABEL=Car INSIDE_ROI=False
2026-08-07 00:05:00,529 | ROI | INFO | CAM=c1 LABEL=Bike INSIDE_ROI=False
2026-08-07 00:05:00,529 | ROI | INFO | CAM=c1 LABEL=Bike INSIDE_ROI=False
2026-08-07 00:05:00,529 | ROI | INFO | CAM=c1 LABEL=Car INSIDE_ROI=False
2026-08-07 00:05:00,530 | ROI | INFO | CAM=c1 LABEL=Bike INSIDE_ROI=True
2026-08-07 00:05:00,534 | ROI | ERROR | Redis Save Error: unknown command 'HELLO'
2026-08-07 00:05:00,536 | ROI | INFO | Frame written to video -> CAM=c1 LABEL=Bike
2026-08-07 00:05:00,537 | ROI | INFO | CAM=c1 LABEL=Bike INSIDE_ROI=False
2026-08-07 00:05:00,537 | ROI | INFO | CAM=c1 LABEL=Bike INSIDE_ROI=False
2026-08-07 00:05:00,537 | ROI | INFO | CAM=c1 LABEL=Bike INSIDE_ROI=False
2026-08-07 00:05:00,537 | ROI | INFO | CAM=c1 LABEL=Bike INSIDE_ROI=True
2026-08-07 00:05:00,559 | ROI | ERROR | Redis Save Error: unknown command 'HELLO'
2026-08-07 00:05:00,562 | ROI | INFO | Frame written to video -> CAM=c1 LABEL=Bike
2026-08-07 00:05:00,562 | ROI | INFO | CAM=c1 LABEL=Car INSIDE_ROI=True
2026-08-07 00:05:00,567 | ROI | ERROR | Redis Save Error: unknown command 'HELLO'
2026-08-07 00:05:00,570 | ROI | INFO | Frame written to video -> CAM=c1 LABEL=Car
2026-08-07 00:05:00,916 | ROI | INFO | CAM=c1 LABEL=Bike INSIDE_ROI=False
2026-08-07 00:05:00,916 | ROI | INFO | CAM=c1 LABEL=Car INSIDE_ROI=False
2026-08-07 00:05:00,917 | ROI | INFO | CAM=c1 LABEL=Car INSIDE_ROI=False
2026-08-07 00:05:00,917 | ROI | INFO | CAM=c1 LABEL=Bike INSIDE_ROI=True
2026-08-07 00:05:00,923 | ROI | ERROR | Redis Save Error: unknown command 'HELLO'
2026-08-07 00:05:00,927 | ROI | INFO | Frame written to video -> CAM=c1 LABEL=Bike
2026-08-07 00:05:00,928 | ROI | INFO | CAM=c1 LABEL=Bike INSIDE_ROI=False
2026-08-07 00:05:00,928 | ROI | INFO | CAM=c1 LABEL=Bike INSIDE_ROI=False
2026-08-07 00:05:00,928 | ROI | INFO | CAM=c1 LABEL=Bike INSIDE_ROI=False
2026-08-07 00:05:00,929 | ROI | INFO | CAM=c1 LABEL=Car INSIDE_ROI=True
2026-08-07 00:05:00,936 | ROI | ERROR | Redis Save Error: unknown command 'HELLO'
2026-08-07 00:05:00,939 | ROI | INFO | Frame written to video -> CAM=c1 LABEL=Car
2026-08-07 00:05:00,939 | ROI | INFO | CAM=c1 LABEL=Bike INSIDE_ROI=True
2026-08-07 00:05:00,943 | ROI | ERROR | Redis Save Error: unknown command 'HELLO'
2026-08-07 00:05:00,946 | ROI | INFO | Frame written to video -> CAM=c1 LABEL=Bike
2026-08-07 00:05:00,946 | ROI | INFO | CAM=c1 LABEL=Bike INSIDE_ROI=False
2026-08-07 00:05:01,286 | ROI | INFO | CAM=c1 LABEL=Bike INSIDE_ROI=False
2026-08-07 00:05:01,286 | ROI | INFO | CAM=c1 LABEL=Car INSIDE_ROI=False
2026-08-07 00:05:01,287 | ROI | INFO | CAM=c1 LABEL=Bike INSIDE_ROI=False
2026-08-07 00:05:01,287 | ROI | INFO | CAM=c1 LABEL=Bike INSIDE_ROI=True
2026-08-07 00:05:01,291 | ROI | ERROR | Redis Save Error: unknown command 'HELLO'
2026-08-07 00:05:01,293 | ROI | INFO | Frame written to video -> CAM=c1 LABEL=Bike
2026-08-07 00:05:01,294 | ROI | INFO | CAM=c1 LABEL=Bike INSIDE_ROI=False
2026-08-07 00:05:01,294 | ROI | INFO | CAM=c1 LABEL=Car INSIDE_ROI=False
2026-08-07 00:05:01,294 | ROI | INFO | CAM=c1 LABEL=Bike INSIDE_ROI=False
2026-08-07 00:05:01,295 | ROI | INFO | CAM=c1 LABEL=Bike INSIDE_ROI=True
2026-08-07 00:05:01,301 | ROI | ERROR | Redis Save Error: unknown command 'HELLO'
2026-08-07 00:05:01,304 | ROI | INFO | Frame written to video -> CAM=c1 LABEL=Bike
2026-08-07 00:05:01,305 | ROI | INFO | CAM=c1 LABEL=Bike INSIDE_ROI=False
2026-08-07 00:05:01,306 | ROI | INFO | CAM=c1 LABEL=Car INSIDE_ROI=True
2026-08-07 00:05:01,335 | ROI | ERROR | Redis Save Error: unknown command 'HELLO'
2026-08-07 00:05:01,337 | ROI | INFO | Frame written to video -> CAM=c1 LABEL=Car
2026-08-07 00:05:01,669 | ROI | INFO | CAM=c1 LABEL=Bike INSIDE_ROI=False
2026-08-07 00:05:01,670 | ROI | INFO | CAM=c1 LABEL=Car INSIDE_ROI=False
2026-08-07 00:05:01,670 | ROI | INFO | CAM=c1 LABEL=Bike INSIDE_ROI=False
2026-08-07 00:05:01,670 | ROI | INFO | CAM=c1 LABEL=Bike INSIDE_ROI=True
2026-08-07 00:05:01,676 | ROI | ERROR | Redis Save Error: unknown command 'HELLO'
2026-08-07 00:05:01,680 | ROI | INFO | Frame written to video -> CAM=c1 LABEL=Bike
2026-08-07 00:05:01,681 | ROI | INFO | CAM=c1 LABEL=Car INSIDE_ROI=False
2026-08-07 00:05:01,681 | ROI | INFO | CAM=c1 LABEL=Bike INSIDE_ROI=False
2026-08-07 00:05:01,682 | ROI | INFO | CAM=c1 LABEL=Bike INSIDE_ROI=False
2026-08-07 00:05:01,682 | ROI | INFO | CAM=c1 LABEL=Bike INSIDE_ROI=True
2026-08-07 00:05:01,689 | ROI | ERROR | Redis Save Error: unknown command 'HELLO'
2026-08-07 00:05:01,692 | ROI | INFO | Frame written to video -> CAM=c1 LABEL=Bike
2026-08-07 00:05:01,692 | ROI | INFO | CAM=c1 LABEL=Bike INSIDE_ROI=False
2026-08-07 00:05:01,693 | ROI | INFO | CAM=c1 LABEL=Bike INSIDE_ROI=False
2026-08-07 00:05:02,060 | ROI | INFO | CAM=c1 LABEL=Bike INSIDE_ROI=False
2026-08-07 00:05:02,060 | ROI | INFO | CAM=c1 LABEL=Car INSIDE_ROI=False
2026-08-07 00:05:02,060 | ROI | INFO | CAM=c1 LABEL=Bike INSIDE_ROI=False
2026-08-07 00:05:02,060 | ROI | INFO | CAM=c1 LABEL=Bike INSIDE_ROI=True
2026-08-07 00:05:02,063 | ROI | ERROR | Redis Save Error: unknown command 'HELLO'
2026-08-07 00:05:02,065 | ROI | INFO | Frame written to video -> CAM=c1 LABEL=Bike
2026-08-07 00:05:02,066 | ROI | INFO | CAM=c1 LABEL=Bike INSIDE_ROI=False
2026-08-07 00:05:02,066 | ROI | INFO | CAM=c1 LABEL=Bike INSIDE_ROI=False
2026-08-07 00:05:02,066 | ROI | INFO | CAM=c1 LABEL=Bike INSIDE_ROI=True
2026-08-07 00:05:02,072 | ROI | ERROR | Redis Save Error: unknown command 'HELLO'
2026-08-07 00:05:02,075 | ROI | INFO | Frame written to video -> CAM=c1 LABEL=Bike
2026-08-07 00:05:02,076 | ROI | INFO | CAM=c1 LABEL=Car INSIDE_ROI=False
2026-08-07 00:05:02,076 | ROI | INFO | CAM=c1 LABEL=Bike INSIDE_ROI=False
2026-08-07 00:05:02,454 | ROI | INFO | CAM=c1 LABEL=Bike INSIDE_ROI=False
2026-08-07 00:05:02,454 | ROI | INFO | CAM=c1 LABEL=Bike INSIDE_ROI=False
2026-08-07 00:05:02,454 | ROI | INFO | CAM=c1 LABEL=Car INSIDE_ROI=False
2026-08-07 00:05:02,454 | ROI | INFO | CAM=c1 LABEL=Bike INSIDE_ROI=True
2026-08-07 00:05:02,458 | ROI | ERROR | Redis Save Error: unknown command 'HELLO'
2026-08-07 00:05:02,462 | ROI | INFO | Frame written to video -> CAM=c1 LABEL=Bike
2026-08-07 00:05:02,463 | ROI | INFO | CAM=c1 LABEL=Bike INSIDE_ROI=False
2026-08-07 00:05:02,463 | ROI | INFO | CAM=c1 LABEL=Bike INSIDE_ROI=True
2026-08-07 00:05:02,468 | ROI | ERROR | Redis Save Error: unknown command 'HELLO'
2026-08-07 00:05:02,471 | ROI | INFO | Frame written to video -> CAM=c1 LABEL=Bike
2026-08-07 00:05:02,473 | ROI | INFO | CAM=c1 LABEL=Bike INSIDE_ROI=False
2026-08-07 00:05:02,473 | ROI | INFO | CAM=c1 LABEL=Car INSIDE_ROI=False
2026-08-07 00:05:02,474 | ROI | INFO | CAM=c1 LABEL=Bike INSIDE_ROI=False
2026-08-07 00:05:02,865 | ROI | INFO | CAM=c1 LABEL=Bike INSIDE_ROI=False
2026-08-07 00:05:02,865 | ROI | INFO | CAM=c1 LABEL=Car INSIDE_ROI=False
2026-08-07 00:05:02,865 | ROI | INFO | CAM=c1 LABEL=Bike INSIDE_ROI=True
2026-08-07 00:05:02,868 | ROI | ERROR | Redis Save Error: unknown command 'HELLO'
2026-08-07 00:05:02,870 | ROI | INFO | Frame written to video -> CAM=c1 LABEL=Bike
2026-08-07 00:05:02,870 | ROI | INFO | CAM=c1 LABEL=Bike INSIDE_ROI=False
2026-08-07 00:05:02,870 | ROI | INFO | CAM=c1 LABEL=Bike INSIDE_ROI=False
2026-08-07 00:05:02,870 | ROI | INFO | CAM=c1 LABEL=Car INSIDE_ROI=False
2026-08-07 00:05:02,870 | ROI | INFO | CAM=c1 LABEL=Bike INSIDE_ROI=False
2026-08-07 00:05:02,870 | ROI | INFO | CAM=c1 LABEL=Bike INSIDE_ROI=True
2026-08-07 00:05:02,873 | ROI | ERROR | Redis Save Error: unknown command 'HELLO'
2026-08-07 00:05:02,874 | ROI | INFO | Frame written to video -> CAM=c1 LABEL=Bike
2026-08-07 00:05:02,874 | ROI | INFO | CAM=c1 LABEL=Car INSIDE_ROI=True
2026-08-07 00:05:02,877 | ROI | ERROR | Redis Save Error: unknown command 'HELLO'
2026-08-07 00:05:02,879 | ROI | INFO | Frame written to video -> CAM=c1 LABEL=Car
2026-08-07 00:05:02,880 | ROI | INFO | CAM=c1 LABEL=Bike INSIDE_ROI=False
2026-08-07 00:05:03,265 | ROI | INFO | CAM=c1 LABEL=Bike INSIDE_ROI=False
2026-08-07 00:05:03,266 | ROI | INFO | CAM=c1 LABEL=Car INSIDE_ROI=False
2026-08-07 00:05:03,266 | ROI | INFO | CAM=c1 LABEL=Bike INSIDE_ROI=True
2026-08-07 00:05:03,268 | ROI | ERROR | Redis Save Error: unknown command 'HELLO'
2026-08-07 00:05:03,271 | ROI | INFO | Frame written to video -> CAM=c1 LABEL=Bike
2026-08-07 00:05:03,271 | ROI | INFO | CAM=c1 LABEL=Bike INSIDE_ROI=False
2026-08-07 00:05:03,271 | ROI | INFO | CAM=c1 LABEL=Bike INSIDE_ROI=False
2026-08-07 00:05:03,271 | ROI | INFO | CAM=c1 LABEL=Bike INSIDE_ROI=True
2026-08-07 00:05:03,274 | ROI | ERROR | Redis Save Error: unknown command 'HELLO'
2026-08-07 00:05:03,275 | ROI | INFO | Frame written to video -> CAM=c1 LABEL=Bike
2026-08-07 00:05:03,276 | ROI | INFO | CAM=c1 LABEL=Car INSIDE_ROI=False
2026-08-07 00:05:03,276 | ROI | INFO | CAM=c1 LABEL=Car INSIDE_ROI=True
2026-08-07 00:05:03,279 | ROI | ERROR | Redis Save Error: unknown command 'HELLO'
2026-08-07 00:05:03,282 | ROI | INFO | Frame written to video -> CAM=c1 LABEL=Car
2026-08-07 00:05:03,283 | ROI | INFO | CAM=c1 LABEL=Bike INSIDE_ROI=False
2026-08-07 00:05:03,680 | ROI | INFO | CAM=c1 LABEL=Bike INSIDE_ROI=False
2026-08-07 00:05:03,681 | ROI | INFO | CAM=c1 LABEL=Car INSIDE_ROI=False
2026-08-07 00:05:03,681 | ROI | INFO | CAM=c1 LABEL=Bike INSIDE_ROI=True
2026-08-07 00:05:03,684 | ROI | ERROR | Redis Save Error: unknown command 'HELLO'
2026-08-07 00:05:03,686 | ROI | INFO | Frame written to video -> CAM=c1 LABEL=Bike
2026-08-07 00:05:03,686 | ROI | INFO | CAM=c1 LABEL=Bike INSIDE_ROI=False
2026-08-07 00:05:03,686 | ROI | INFO | CAM=c1 LABEL=Car INSIDE_ROI=False
2026-08-07 00:05:03,686 | ROI | INFO | CAM=c1 LABEL=Bike INSIDE_ROI=False
2026-08-07 00:05:03,687 | ROI | INFO | CAM=c1 LABEL=Bike INSIDE_ROI=False
2026-08-07 00:05:03,687 | ROI | INFO | CAM=c1 LABEL=Bike INSIDE_ROI=True
2026-08-07 00:05:03,692 | ROI | ERROR | Redis Save Error: unknown command 'HELLO'
2026-08-07 00:05:03,695 | ROI | INFO | Frame written to video -> CAM=c1 LABEL=Bike
2026-08-07 00:05:04,062 | ROI | INFO | CAM=c1 LABEL=Car INSIDE_ROI=False
2026-08-07 00:05:04,062 | ROI | INFO | CAM=c1 LABEL=Bike INSIDE_ROI=False
2026-08-07 00:05:04,062 | ROI | INFO | CAM=c1 LABEL=Bike INSIDE_ROI=False
2026-08-07 00:05:04,062 | ROI | INFO | CAM=c1 LABEL=Bike INSIDE_ROI=True
2026-08-07 00:05:04,088 | ROI | ERROR | Redis Save Error: unknown command 'HELLO'
2026-08-07 00:05:04,091 | ROI | INFO | Frame written to video -> CAM=c1 LABEL=Bike
2026-08-07 00:05:04,092 | ROI | INFO | CAM=c1 LABEL=Bike INSIDE_ROI=False
2026-08-07 00:05:04,092 | ROI | INFO | CAM=c1 LABEL=Bike INSIDE_ROI=True
2026-08-07 00:05:04,118 | ROI | ERROR | Redis Save Error: unknown command 'HELLO'
2026-08-07 00:05:04,120 | ROI | INFO | Frame written to video -> CAM=c1 LABEL=Bike
2026-08-07 00:05:04,120 | ROI | INFO | CAM=c1 LABEL=Bike INSIDE_ROI=True
2026-08-07 00:05:04,124 | ROI | ERROR | Redis Save Error: unknown command 'HELLO'
2026-08-07 00:05:04,126 | ROI | INFO | Frame written to video -> CAM=c1 LABEL=Bike
2026-08-07 00:05:04,127 | ROI | INFO | CAM=c1 LABEL=Car INSIDE_ROI=False
2026-08-07 00:05:04,128 | ROI | INFO | CAM=c1 LABEL=Bike INSIDE_ROI=False
2026-08-07 00:05:04,472 | ROI | INFO | CAM=c1 LABEL=Bike INSIDE_ROI=False
2026-08-07 00:05:04,473 | ROI | INFO | CAM=c1 LABEL=Car INSIDE_ROI=False
2026-08-07 00:05:04,473 | ROI | INFO | CAM=c1 LABEL=Bike INSIDE_ROI=False
2026-08-07 00:05:04,473 | ROI | INFO | CAM=c1 LABEL=Bike INSIDE_ROI=True
2026-08-07 00:05:04,475 | ROI | ERROR | Redis Save Error: unknown command 'HELLO'
2026-08-07 00:05:04,477 | ROI | INFO | Frame written to video -> CAM=c1 LABEL=Bike
2026-08-07 00:05:04,478 | ROI | INFO | CAM=c1 LABEL=Bike INSIDE_ROI=False
2026-08-07 00:05:04,478 | ROI | INFO | CAM=c1 LABEL=Bike INSIDE_ROI=True
2026-08-07 00:05:04,482 | ROI | ERROR | Redis Save Error: unknown command 'HELLO'
2026-08-07 00:05:04,484 | ROI | INFO | Frame written to video -> CAM=c1 LABEL=Bike
2026-08-07 00:05:04,484 | ROI | INFO | CAM=c1 LABEL=Bike INSIDE_ROI=True
2026-08-07 00:05:04,488 | ROI | ERROR | Redis Save Error: unknown command 'HELLO'
2026-08-07 00:05:04,491 | ROI | INFO | Frame written to video -> CAM=c1 LABEL=Bike
2026-08-07 00:05:04,895 | ROI | INFO | CAM=c1 LABEL=Car INSIDE_ROI=False
2026-08-07 00:05:04,896 | ROI | INFO | CAM=c1 LABEL=Bike INSIDE_ROI=False
2026-08-07 00:05:04,896 | ROI | INFO | CAM=c1 LABEL=Bike INSIDE_ROI=True
2026-08-07 00:05:04,898 | ROI | ERROR | Redis Save Error: unknown command 'HELLO'
2026-08-07 00:05:04,900 | ROI | INFO | Frame written to video -> CAM=c1 LABEL=Bike
2026-08-07 00:05:04,901 | ROI | INFO | CAM=c1 LABEL=Bike INSIDE_ROI=False
2026-08-07 00:05:04,901 | ROI | INFO | CAM=c1 LABEL=Bike INSIDE_ROI=False
2026-08-07 00:05:04,901 | ROI | INFO | CAM=c1 LABEL=Car INSIDE_ROI=True
2026-08-07 00:05:04,904 | ROI | ERROR | Redis Save Error: unknown command 'HELLO'
2026-08-07 00:05:04,907 | ROI | INFO | Frame written to video -> CAM=c1 LABEL=Car
2026-08-07 00:05:04,908 | ROI | INFO | CAM=c1 LABEL=Bike INSIDE_ROI=True
2026-08-07 00:05:04,914 | ROI | ERROR | Redis Save Error: unknown command 'HELLO'
2026-08-07 00:05:04,916 | ROI | INFO | Frame written to video -> CAM=c1 LABEL=Bike
2026-08-07 00:05:04,917 | ROI | INFO | CAM=c1 LABEL=Bike INSIDE_ROI=True
2026-08-07 00:05:04,922 | ROI | ERROR | Redis Save Error: unknown command 'HELLO'
2026-08-07 00:05:04,925 | ROI | INFO | Frame written to video -> CAM=c1 LABEL=Bike
2026-08-07 00:05:05,299 | ROI | INFO | CAM=c1 LABEL=Car INSIDE_ROI=False
2026-08-07 00:05:05,299 | ROI | INFO | CAM=c1 LABEL=Bike INSIDE_ROI=False
2026-08-07 00:05:05,299 | ROI | INFO | CAM=c1 LABEL=Bike INSIDE_ROI=False
2026-08-07 00:05:05,299 | ROI | INFO | CAM=c1 LABEL=Bike INSIDE_ROI=True
2026-08-07 00:05:05,323 | ROI | ERROR | Redis Save Error: unknown command 'HELLO'
2026-08-07 00:05:05,326 | ROI | INFO | Frame written to video -> CAM=c1 LABEL=Bike
2026-08-07 00:05:05,326 | ROI | INFO | CAM=c1 LABEL=Bike INSIDE_ROI=False
2026-08-07 00:05:05,326 | ROI | INFO | CAM=c1 LABEL=Bike INSIDE_ROI=True
2026-08-07 00:05:05,331 | ROI | ERROR | Redis Save Error: unknown command 'HELLO'
2026-08-07 00:05:05,332 | ROI | INFO | Frame written to video -> CAM=c1 LABEL=Bike
2026-08-07 00:05:05,333 | ROI | INFO | CAM=c1 LABEL=Bike INSIDE_ROI=True
2026-08-07 00:05:05,336 | ROI | ERROR | Redis Save Error: unknown command 'HELLO'
2026-08-07 00:05:05,337 | ROI | INFO | Frame written to video -> CAM=c1 LABEL=Bike
2026-08-07 00:05:05,858 | ROI | INFO | CAM=c1 LABEL=Car INSIDE_ROI=False
2026-08-07 00:05:05,858 | ROI | INFO | CAM=c1 LABEL=Bike INSIDE_ROI=False
2026-08-07 00:05:05,859 | ROI | INFO | CAM=c1 LABEL=Bike INSIDE_ROI=True
2026-08-07 00:05:05,873 | ROI | ERROR | Redis Save Error: unknown command 'HELLO'
2026-08-07 00:05:05,875 | ROI | INFO | Frame written to video -> CAM=c1 LABEL=Bike
2026-08-07 00:05:05,875 | ROI | INFO | CAM=c1 LABEL=Bike INSIDE_ROI=False
2026-08-07 00:05:05,875 | ROI | INFO | CAM=c1 LABEL=Bike INSIDE_ROI=True
2026-08-07 00:05:05,888 | ROI | ERROR | Redis Save Error: unknown command 'HELLO'
2026-08-07 00:05:05,890 | ROI | INFO | Frame written to video -> CAM=c1 LABEL=Bike
2026-08-07 00:05:05,891 | ROI | INFO | CAM=c1 LABEL=Bike INSIDE_ROI=False
2026-08-07 00:05:05,891 | ROI | INFO | CAM=c1 LABEL=Car INSIDE_ROI=False
2026-08-07 00:05:05,891 | ROI | INFO | CAM=c1 LABEL=Bike INSIDE_ROI=True
2026-08-07 00:05:05,904 | ROI | ERROR | Redis Save Error: unknown command 'HELLO'
2026-08-07 00:05:05,906 | ROI | INFO | Frame written to video -> CAM=c1 LABEL=Bike
2026-08-07 00:05:06,569 | ROI | INFO | CAM=c1 LABEL=Car INSIDE_ROI=False
2026-08-07 00:05:06,570 | ROI | INFO | CAM=c1 LABEL=Bike INSIDE_ROI=False
2026-08-07 00:05:06,570 | ROI | INFO | CAM=c1 LABEL=Bike INSIDE_ROI=False
2026-08-07 00:05:06,570 | ROI | INFO | CAM=c1 LABEL=Bike INSIDE_ROI=True
2026-08-07 00:05:06,574 | ROI | ERROR | Redis Save Error: unknown command 'HELLO'
2026-08-07 00:05:06,577 | ROI | INFO | Frame written to video -> CAM=c1 LABEL=Bike
2026-08-07 00:05:06,577 | ROI | INFO | CAM=c1 LABEL=Bike INSIDE_ROI=False
2026-08-07 00:05:06,577 | ROI | INFO | CAM=c1 LABEL=Bike INSIDE_ROI=True
2026-08-07 00:05:06,581 | ROI | ERROR | Redis Save Error: unknown command 'HELLO'
2026-08-07 00:05:06,583 | ROI | INFO | Frame written to video -> CAM=c1 LABEL=Bike
2026-08-07 00:05:06,584 | ROI | INFO | CAM=c1 LABEL=Bike INSIDE_ROI=True
2026-08-07 00:05:06,588 | ROI | ERROR | Redis Save Error: unknown command 'HELLO'
2026-08-07 00:05:06,592 | ROI | INFO | Frame written to video -> CAM=c1 LABEL=Bike
2026-08-07 00:05:06,592 | ROI | INFO | CAM=c1 LABEL=Car INSIDE_ROI=False
2026-08-07 00:05:07,253 | ROI | INFO | CAM=c1 LABEL=Car INSIDE_ROI=False
2026-08-07 00:05:07,254 | ROI | INFO | CAM=c1 LABEL=Bike INSIDE_ROI=False
2026-08-07 00:05:07,254 | ROI | INFO | CAM=c1 LABEL=Bike INSIDE_ROI=False
2026-08-07 00:05:07,254 | ROI | INFO | CAM=c1 LABEL=Bike INSIDE_ROI=False
2026-08-07 00:05:07,255 | ROI | INFO | CAM=c1 LABEL=Bike INSIDE_ROI=True
2026-08-07 00:05:07,259 | ROI | ERROR | Redis Save Error: unknown command 'HELLO'
2026-08-07 00:05:07,261 | ROI | INFO | Frame written to video -> CAM=c1 LABEL=Bike
2026-08-07 00:05:07,262 | ROI | INFO | CAM=c1 LABEL=Car INSIDE_ROI=False
2026-08-07 00:05:07,262 | ROI | INFO | CAM=c1 LABEL=Car INSIDE_ROI=False
2026-08-07 00:05:07,263 | ROI | INFO | CAM=c1 LABEL=Bike INSIDE_ROI=True
2026-08-07 00:05:07,268 | ROI | ERROR | Redis Save Error: unknown command 'HELLO'
2026-08-07 00:05:07,274 | ROI | INFO | Frame written to video -> CAM=c1 LABEL=Bike
2026-08-07 00:05:07,274 | ROI | INFO | CAM=c1 LABEL=Bike INSIDE_ROI=True
2026-08-07 00:05:07,280 | ROI | ERROR | Redis Save Error: unknown command 'HELLO'
2026-08-07 00:05:07,282 | ROI | INFO | Frame written to video -> CAM=c1 LABEL=Bike
2026-08-07 00:08:37,129 | ROI | INFO | ROI Consumer Ready
2026-08-07 00:08:37,289 | ROI | INFO | Waiting for frames...
2026-08-07 00:08:37,311 | ROI | INFO | CAM=c1 LABEL=Bike INSIDE_ROI=False
2026-08-07 00:08:37,311 | ROI | INFO | CAM=c1 LABEL=Car INSIDE_ROI=False
2026-08-07 00:08:37,312 | ROI | INFO | CAM=c1 LABEL=Bike INSIDE_ROI=True
2026-08-07 00:08:37,337 | ROI | ERROR | Redis Save Error: unknown command 'HELLO'
2026-08-07 00:08:37,343 | ROI | INFO | Created video file: roi_detected_frames\c1\Bike_roi.avi
2026-08-07 00:08:37,345 | ROI | INFO | Frame written to video -> CAM=c1 LABEL=Bike
2026-08-07 00:08:37,346 | ROI | INFO | CAM=c1 LABEL=Bike INSIDE_ROI=True
2026-08-07 00:08:37,369 | ROI | ERROR | Redis Save Error: unknown command 'HELLO'
2026-08-07 00:08:37,370 | ROI | INFO | Frame written to video -> CAM=c1 LABEL=Bike
2026-08-07 00:08:37,403 | ROI | INFO | CAM=c1 LABEL=Bike INSIDE_ROI=False
2026-08-07 00:08:37,403 | ROI | INFO | CAM=c1 LABEL=Bike INSIDE_ROI=True
2026-08-07 00:08:37,407 | ROI | ERROR | Redis Save Error: unknown command 'HELLO'
2026-08-07 00:08:37,408 | ROI | INFO | Frame written to video -> CAM=c1 LABEL=Bike
2026-08-07 00:08:37,409 | ROI | INFO | CAM=c1 LABEL=Car INSIDE_ROI=False
2026-08-07 00:08:37,409 | ROI | INFO | CAM=c1 LABEL=Bike INSIDE_ROI=True
2026-08-07 00:08:37,430 | ROI | ERROR | Redis Save Error: unknown command 'HELLO'
2026-08-07 00:08:37,432 | ROI | INFO | Frame written to video -> CAM=c1 LABEL=Bike
2026-08-07 00:08:37,436 | ROI | INFO | CAM=c1 LABEL=Bike INSIDE_ROI=False
2026-08-07 00:08:37,436 | ROI | INFO | CAM=c1 LABEL=Bike INSIDE_ROI=True
2026-08-07 00:08:37,461 | ROI | ERROR | Redis Save Error: unknown command 'HELLO'
2026-08-07 00:08:37,463 | ROI | INFO | Frame written to video -> CAM=c1 LABEL=Bike
2026-08-07 00:08:37,463 | ROI | INFO | CAM=c1 LABEL=Bike INSIDE_ROI=True
2026-08-07 00:08:37,478 | ROI | ERROR | Redis Save Error: unknown command 'HELLO'
2026-08-07 00:08:37,480 | ROI | INFO | Frame written to video -> CAM=c1 LABEL=Bike
2026-08-07 00:08:37,480 | ROI | INFO | CAM=c1 LABEL=Car INSIDE_ROI=False
2026-08-07 00:08:37,496 | ROI | INFO | CAM=c1 LABEL=Bike INSIDE_ROI=False
2026-08-07 00:08:37,496 | ROI | INFO | CAM=c1 LABEL=Car INSIDE_ROI=False
2026-08-07 00:08:37,496 | ROI | INFO | CAM=c1 LABEL=Bike INSIDE_ROI=True
2026-08-07 00:08:37,499 | ROI | ERROR | Redis Save Error: unknown command 'HELLO'
2026-08-07 00:08:37,501 | ROI | INFO | Frame written to video -> CAM=c1 LABEL=Bike
2026-08-07 00:08:37,511 | ROI | INFO | CAM=c1 LABEL=Bike INSIDE_ROI=False
2026-08-07 00:08:37,511 | ROI | INFO | CAM=c1 LABEL=Car INSIDE_ROI=False
2026-08-07 00:08:37,512 | ROI | INFO | CAM=c1 LABEL=Bike INSIDE_ROI=True
2026-08-07 00:08:37,515 | ROI | ERROR | Redis Save Error: unknown command 'HELLO'
2026-08-07 00:08:37,516 | ROI | INFO | Frame written to video -> CAM=c1 LABEL=Bike
2026-08-07 00:08:37,526 | ROI | INFO | CAM=c1 LABEL=Car INSIDE_ROI=False
2026-08-07 00:08:37,527 | ROI | INFO | CAM=c1 LABEL=Bike INSIDE_ROI=True
2026-08-07 00:08:37,529 | ROI | ERROR | Redis Save Error: unknown command 'HELLO'
2026-08-07 00:08:37,531 | ROI | INFO | Frame written to video -> CAM=c1 LABEL=Bike
2026-08-07 00:08:37,543 | ROI | INFO | CAM=c1 LABEL=Bike INSIDE_ROI=False
2026-08-07 00:08:37,543 | ROI | INFO | CAM=c1 LABEL=Car INSIDE_ROI=False
2026-08-07 00:08:37,543 | ROI | INFO | CAM=c1 LABEL=Bike INSIDE_ROI=True
2026-08-07 00:08:37,546 | ROI | ERROR | Redis Save Error: unknown command 'HELLO'
2026-08-07 00:08:37,547 | ROI | INFO | Frame written to video -> CAM=c1 LABEL=Bike
2026-08-07 00:08:37,558 | ROI | INFO | CAM=c1 LABEL=Bike INSIDE_ROI=True
2026-08-07 00:08:37,572 | ROI | ERROR | Redis Save Error: unknown command 'HELLO'
2026-08-07 00:08:37,574 | ROI | INFO | Frame written to video -> CAM=c1 LABEL=Bike
2026-08-07 00:08:37,574 | ROI | INFO | CAM=c1 LABEL=Car INSIDE_ROI=False
2026-08-07 00:08:37,574 | ROI | INFO | CAM=c1 LABEL=Bike INSIDE_ROI=False
2026-08-07 00:08:37,589 | ROI | INFO | CAM=c1 LABEL=Bike INSIDE_ROI=False
2026-08-07 00:08:37,590 | ROI | INFO | CAM=c1 LABEL=Car INSIDE_ROI=False
2026-08-07 00:08:37,590 | ROI | INFO | CAM=c1 LABEL=Bike INSIDE_ROI=True
2026-08-07 00:08:37,592 | ROI | ERROR | Redis Save Error: unknown command 'HELLO'
2026-08-07 00:08:37,593 | ROI | INFO | Frame written to video -> CAM=c1 LABEL=Bike
2026-08-07 00:08:37,606 | ROI | INFO | CAM=c1 LABEL=Bike INSIDE_ROI=False
2026-08-07 00:08:37,606 | ROI | INFO | CAM=c1 LABEL=Car INSIDE_ROI=False
2026-08-07 00:08:37,606 | ROI | INFO | CAM=c1 LABEL=Bike INSIDE_ROI=True
2026-08-07 00:08:37,619 | ROI | ERROR | Redis Save Error: unknown command 'HELLO'
2026-08-07 00:08:37,621 | ROI | INFO | Frame written to video -> CAM=c1 LABEL=Bike
2026-08-07 00:08:37,638 | ROI | INFO | CAM=c1 LABEL=Bike INSIDE_ROI=False
2026-08-07 00:08:37,638 | ROI | INFO | CAM=c1 LABEL=Car INSIDE_ROI=False
2026-08-07 00:08:37,638 | ROI | INFO | CAM=c1 LABEL=Bike INSIDE_ROI=True
2026-08-07 00:08:37,641 | ROI | ERROR | Redis Save Error: unknown command 'HELLO'
2026-08-07 00:08:37,642 | ROI | INFO | Frame written to video -> CAM=c1 LABEL=Bike
2026-08-07 00:08:37,643 | ROI | INFO | CAM=c1 LABEL=Bike INSIDE_ROI=True
2026-08-07 00:08:37,665 | ROI | ERROR | Redis Save Error: unknown command 'HELLO'
2026-08-07 00:08:37,669 | ROI | INFO | Frame written to video -> CAM=c1 LABEL=Bike
2026-08-07 00:08:37,669 | ROI | INFO | CAM=c1 LABEL=Bike INSIDE_ROI=True
2026-08-07 00:08:37,681 | ROI | ERROR | Redis Save Error: unknown command 'HELLO'
2026-08-07 00:08:37,683 | ROI | INFO | Frame written to video -> CAM=c1 LABEL=Bike
2026-08-07 00:08:37,699 | ROI | INFO | CAM=c1 LABEL=Bike INSIDE_ROI=False
2026-08-07 00:08:37,700 | ROI | INFO | CAM=c1 LABEL=Bike INSIDE_ROI=True
2026-08-07 00:08:37,702 | ROI | ERROR | Redis Save Error: unknown command 'HELLO'
2026-08-07 00:08:37,704 | ROI | INFO | Frame written to video -> CAM=c1 LABEL=Bike
2026-08-07 00:08:37,704 | ROI | INFO | CAM=c1 LABEL=Bike INSIDE_ROI=True
2026-08-07 00:08:37,707 | ROI | ERROR | Redis Save Error: unknown command 'HELLO'
2026-08-07 00:08:37,709 | ROI | INFO | Frame written to video -> CAM=c1 LABEL=Bike
2026-08-07 00:08:37,709 | ROI | INFO | CAM=c1 LABEL=Car INSIDE_ROI=False
2026-08-07 00:08:37,714 | ROI | INFO | CAM=c1 LABEL=Bike INSIDE_ROI=False
2026-08-07 00:08:37,715 | ROI | INFO | CAM=c1 LABEL=Bike INSIDE_ROI=True
2026-08-07 00:08:37,728 | ROI | ERROR | Redis Save Error: unknown command 'HELLO'
2026-08-07 00:08:37,730 | ROI | INFO | Frame written to video -> CAM=c1 LABEL=Bike
2026-08-07 00:08:37,730 | ROI | INFO | CAM=c1 LABEL=Bike INSIDE_ROI=True
2026-08-07 00:08:37,733 | ROI | ERROR | Redis Save Error: unknown command 'HELLO'
2026-08-07 00:08:37,734 | ROI | INFO | Frame written to video -> CAM=c1 LABEL=Bike
2026-08-07 00:08:37,734 | ROI | INFO | CAM=c1 LABEL=Car INSIDE_ROI=False
2026-08-07 00:08:37,745 | ROI | INFO | CAM=c1 LABEL=Bike INSIDE_ROI=True
2026-08-07 00:08:37,748 | ROI | ERROR | Redis Save Error: unknown command 'HELLO'
2026-08-07 00:08:37,750 | ROI | INFO | Frame written to video -> CAM=c1 LABEL=Bike
2026-08-07 00:08:37,750 | ROI | INFO | CAM=c1 LABEL=Bike INSIDE_ROI=True
2026-08-07 00:08:37,775 | ROI | ERROR | Redis Save Error: unknown command 'HELLO'
2026-08-07 00:08:37,776 | ROI | INFO | Frame written to video -> CAM=c1 LABEL=Bike
2026-08-07 00:08:37,777 | ROI | INFO | CAM=c1 LABEL=Bike INSIDE_ROI=True
2026-08-07 00:08:37,791 | ROI | ERROR | Redis Save Error: unknown command 'HELLO'
2026-08-07 00:08:37,792 | ROI | INFO | Frame written to video -> CAM=c1 LABEL=Bike
2026-08-07 00:08:37,809 | ROI | INFO | CAM=c1 LABEL=Bike INSIDE_ROI=True
2026-08-07 00:08:37,823 | ROI | ERROR | Redis Save Error: unknown command 'HELLO'
2026-08-07 00:08:37,825 | ROI | INFO | Frame written to video -> CAM=c1 LABEL=Bike
2026-08-07 00:08:37,825 | ROI | INFO | CAM=c1 LABEL=Bike INSIDE_ROI=True
2026-08-07 00:08:37,827 | ROI | ERROR | Redis Save Error: unknown command 'HELLO'
2026-08-07 00:08:37,829 | ROI | INFO | Frame written to video -> CAM=c1 LABEL=Bike
2026-08-07 00:08:37,829 | ROI | INFO | CAM=c1 LABEL=Car INSIDE_ROI=False
2026-08-07 00:08:37,829 | ROI | INFO | CAM=c1 LABEL=Bike INSIDE_ROI=False
2026-08-07 00:08:37,830 | ROI | INFO | CAM=c1 LABEL=Bike INSIDE_ROI=True
2026-08-07 00:08:37,853 | ROI | ERROR | Redis Save Error: unknown command 'HELLO'
2026-08-07 00:08:37,855 | ROI | INFO | Frame written to video -> CAM=c1 LABEL=Bike
2026-08-07 00:08:37,872 | ROI | INFO | CAM=c1 LABEL=Bike INSIDE_ROI=True
2026-08-07 00:08:37,885 | ROI | ERROR | Redis Save Error: unknown command 'HELLO'
2026-08-07 00:08:37,887 | ROI | INFO | Frame written to video -> CAM=c1 LABEL=Bike
2026-08-07 00:08:37,887 | ROI | INFO | CAM=c1 LABEL=Car INSIDE_ROI=False
2026-08-07 00:08:37,887 | ROI | INFO | CAM=c1 LABEL=Bike INSIDE_ROI=True
2026-08-07 00:08:37,900 | ROI | ERROR | Redis Save Error: unknown command 'HELLO'
2026-08-07 00:08:37,902 | ROI | INFO | Frame written to video -> CAM=c1 LABEL=Bike
2026-08-07 00:08:37,902 | ROI | INFO | CAM=c1 LABEL=Bike INSIDE_ROI=True
2026-08-07 00:08:37,916 | ROI | ERROR | Redis Save Error: unknown command 'HELLO'
2026-08-07 00:08:37,918 | ROI | INFO | Frame written to video -> CAM=c1 LABEL=Bike
2026-08-07 00:08:37,935 | ROI | INFO | CAM=c1 LABEL=Bike INSIDE_ROI=True
2026-08-07 00:08:37,963 | ROI | ERROR | Redis Save Error: unknown command 'HELLO'
2026-08-07 00:08:37,965 | ROI | INFO | Frame written to video -> CAM=c1 LABEL=Bike
2026-08-07 00:08:37,965 | ROI | INFO | CAM=c1 LABEL=Bike INSIDE_ROI=True
2026-08-07 00:08:37,979 | ROI | ERROR | Redis Save Error: unknown command 'HELLO'
2026-08-07 00:08:37,980 | ROI | INFO | Frame written to video -> CAM=c1 LABEL=Bike
2026-08-07 00:08:37,981 | ROI | INFO | CAM=c1 LABEL=Bike INSIDE_ROI=True
2026-08-07 00:08:37,994 | ROI | ERROR | Redis Save Error: unknown command 'HELLO'
2026-08-07 00:08:37,996 | ROI | INFO | Frame written to video -> CAM=c1 LABEL=Bike
2026-08-07 00:08:37,996 | ROI | INFO | CAM=c1 LABEL=Car INSIDE_ROI=False
2026-08-07 00:08:38,013 | ROI | INFO | CAM=c1 LABEL=Bike INSIDE_ROI=True
2026-08-07 00:08:38,017 | ROI | ERROR | Redis Save Error: unknown command 'HELLO'
2026-08-07 00:08:38,020 | ROI | INFO | Frame written to video -> CAM=c1 LABEL=Bike
2026-08-07 00:08:38,020 | ROI | INFO | CAM=c1 LABEL=Bike INSIDE_ROI=True
2026-08-07 00:08:38,024 | ROI | ERROR | Redis Save Error: unknown command 'HELLO'
2026-08-07 00:08:38,026 | ROI | INFO | Frame written to video -> CAM=c1 LABEL=Bike
2026-08-07 00:08:38,027 | ROI | INFO | CAM=c1 LABEL=Car INSIDE_ROI=False
2026-08-07 00:08:38,027 | ROI | INFO | CAM=c1 LABEL=Bike INSIDE_ROI=True
2026-08-07 00:08:38,030 | ROI | ERROR | Redis Save Error: unknown command 'HELLO'
2026-08-07 00:08:38,032 | ROI | INFO | Frame written to video -> CAM=c1 LABEL=Bike
2026-08-07 00:08:38,044 | ROI | INFO | CAM=c1 LABEL=Bike INSIDE_ROI=True
2026-08-07 00:08:38,047 | ROI | ERROR | Redis Save Error: unknown command 'HELLO'
2026-08-07 00:08:38,050 | ROI | INFO | Frame written to video -> CAM=c1 LABEL=Bike
2026-08-07 00:08:38,050 | ROI | INFO | CAM=c1 LABEL=Car INSIDE_ROI=False
2026-08-07 00:08:38,050 | ROI | INFO | CAM=c1 LABEL=Bike INSIDE_ROI=True
2026-08-07 00:08:38,053 | ROI | ERROR | Redis Save Error: unknown command 'HELLO'
2026-08-07 00:08:38,055 | ROI | INFO | Frame written to video -> CAM=c1 LABEL=Bike
2026-08-07 00:08:38,075 | ROI | INFO | CAM=c1 LABEL=Car INSIDE_ROI=False
2026-08-07 00:08:38,076 | ROI | INFO | CAM=c1 LABEL=Bike INSIDE_ROI=True
2026-08-07 00:08:38,088 | ROI | ERROR | Redis Save Error: unknown command 'HELLO'
2026-08-07 00:08:38,090 | ROI | INFO | Frame written to video -> CAM=c1 LABEL=Bike
2026-08-07 00:08:38,091 | ROI | INFO | CAM=c1 LABEL=Bike INSIDE_ROI=True
2026-08-07 00:08:38,094 | ROI | ERROR | Redis Save Error: unknown command 'HELLO'
2026-08-07 00:08:38,096 | ROI | INFO | Frame written to video -> CAM=c1 LABEL=Bike
2026-08-07 00:08:38,102 | ROI | INFO | CAM=c1 LABEL=Bike INSIDE_ROI=True
2026-08-07 00:08:38,105 | ROI | ERROR | Redis Save Error: unknown command 'HELLO'
2026-08-07 00:08:38,107 | ROI | INFO | Frame written to video -> CAM=c1 LABEL=Bike
2026-08-07 00:08:38,108 | ROI | INFO | CAM=c1 LABEL=Car INSIDE_ROI=False
2026-08-07 00:08:38,123 | ROI | INFO | CAM=c1 LABEL=Bike INSIDE_ROI=True
2026-08-07 00:08:38,135 | ROI | ERROR | Redis Save Error: unknown command 'HELLO'
2026-08-07 00:08:38,137 | ROI | INFO | Frame written to video -> CAM=c1 LABEL=Bike
2026-08-07 00:08:38,137 | ROI | INFO | CAM=c1 LABEL=Car INSIDE_ROI=False
2026-08-07 00:08:38,137 | ROI | INFO | CAM=c1 LABEL=Car INSIDE_ROI=True
2026-08-07 00:08:38,140 | ROI | ERROR | Redis Save Error: unknown command 'HELLO'
2026-08-07 00:08:38,141 | ROI | INFO | Created video file: roi_detected_frames\c1\Car_roi.avi
2026-08-07 00:08:38,143 | ROI | INFO | Frame written to video -> CAM=c1 LABEL=Car
2026-08-07 00:08:38,143 | ROI | INFO | CAM=c1 LABEL=Bike INSIDE_ROI=True
2026-08-07 00:08:38,145 | ROI | ERROR | Redis Save Error: unknown command 'HELLO'
2026-08-07 00:08:38,147 | ROI | INFO | Frame written to video -> CAM=c1 LABEL=Bike
2026-08-07 00:08:38,152 | ROI | INFO | CAM=c1 LABEL=Bike INSIDE_ROI=True
2026-08-07 00:08:38,165 | ROI | ERROR | Redis Save Error: unknown command 'HELLO'
2026-08-07 00:08:38,166 | ROI | INFO | Frame written to video -> CAM=c1 LABEL=Bike
2026-08-07 00:08:38,167 | ROI | INFO | CAM=c1 LABEL=Car INSIDE_ROI=False
2026-08-07 00:08:38,167 | ROI | INFO | CAM=c1 LABEL=Car INSIDE_ROI=True
2026-08-07 00:08:38,181 | ROI | ERROR | Redis Save Error: unknown command 'HELLO'
2026-08-07 00:08:38,183 | ROI | INFO | Frame written to video -> CAM=c1 LABEL=Car
2026-08-07 00:08:38,199 | ROI | INFO | CAM=c1 LABEL=Bike INSIDE_ROI=False
2026-08-07 00:08:38,200 | ROI | INFO | CAM=c1 LABEL=Car INSIDE_ROI=False
2026-08-07 00:08:38,200 | ROI | INFO | CAM=c1 LABEL=Bike INSIDE_ROI=True
2026-08-07 00:08:38,212 | ROI | ERROR | Redis Save Error: unknown command 'HELLO'
2026-08-07 00:08:38,214 | ROI | INFO | Frame written to video -> CAM=c1 LABEL=Bike
2026-08-07 00:08:38,230 | ROI | INFO | CAM=c1 LABEL=Car INSIDE_ROI=False
2026-08-07 00:08:38,230 | ROI | INFO | CAM=c1 LABEL=Bike INSIDE_ROI=True
2026-08-07 00:08:38,232 | ROI | ERROR | Redis Save Error: unknown command 'HELLO'
2026-08-07 00:08:38,234 | ROI | INFO | Frame written to video -> CAM=c1 LABEL=Bike
2026-08-07 00:08:38,234 | ROI | INFO | CAM=c1 LABEL=Bike INSIDE_ROI=False
2026-08-07 00:08:38,245 | ROI | INFO | CAM=c1 LABEL=Bike INSIDE_ROI=True
2026-08-07 00:08:38,248 | ROI | ERROR | Redis Save Error: unknown command 'HELLO'
2026-08-07 00:08:38,250 | ROI | INFO | Frame written to video -> CAM=c1 LABEL=Bike
2026-08-07 00:08:38,250 | ROI | INFO | CAM=c1 LABEL=Bike INSIDE_ROI=False
2026-08-07 00:08:38,263 | ROI | INFO | CAM=c1 LABEL=Car INSIDE_ROI=False
2026-08-07 00:08:38,266 | ROI | INFO | CAM=c1 LABEL=Car INSIDE_ROI=False
2026-08-07 00:08:38,267 | ROI | INFO | CAM=c1 LABEL=Bike INSIDE_ROI=True
2026-08-07 00:08:38,269 | ROI | ERROR | Redis Save Error: unknown command 'HELLO'
2026-08-07 00:08:38,270 | ROI | INFO | Frame written to video -> CAM=c1 LABEL=Bike
2026-08-07 00:08:38,276 | ROI | INFO | CAM=c1 LABEL=Car INSIDE_ROI=False
2026-08-07 00:08:38,279 | ROI | INFO | CAM=c1 LABEL=Car INSIDE_ROI=False
2026-08-07 00:08:38,282 | ROI | INFO | CAM=c1 LABEL=Bike INSIDE_ROI=False
2026-08-07 00:08:38,285 | ROI | INFO | CAM=c1 LABEL=Car INSIDE_ROI=False
2026-08-07 00:08:38,288 | ROI | INFO | CAM=c1 LABEL=Bike INSIDE_ROI=False
2026-08-07 00:08:38,288 | ROI | INFO | CAM=c1 LABEL=Car INSIDE_ROI=False
2026-08-07 00:08:38,289 | ROI | INFO | CAM=c1 LABEL=Bike INSIDE_ROI=True
2026-08-07 00:08:38,306 | ROI | ERROR | Redis Save Error: unknown command 'HELLO'
2026-08-07 00:08:38,310 | ROI | INFO | Frame written to video -> CAM=c1 LABEL=Bike
2026-08-07 00:08:38,323 | ROI | INFO | CAM=c1 LABEL=Bike INSIDE_ROI=False
2026-08-07 00:08:38,324 | ROI | INFO | CAM=c1 LABEL=Car INSIDE_ROI=False
2026-08-07 00:08:38,324 | ROI | INFO | CAM=c1 LABEL=Bike INSIDE_ROI=True
2026-08-07 00:08:38,337 | ROI | ERROR | Redis Save Error: unknown command 'HELLO'
2026-08-07 00:08:38,339 | ROI | INFO | Frame written to video -> CAM=c1 LABEL=Bike
2026-08-07 00:08:38,355 | ROI | INFO | CAM=c1 LABEL=Bike INSIDE_ROI=False
2026-08-07 00:08:38,356 | ROI | INFO | CAM=c1 LABEL=Car INSIDE_ROI=False
2026-08-07 00:08:38,359 | ROI | INFO | CAM=c1 LABEL=Bike INSIDE_ROI=False
2026-08-07 00:08:38,359 | ROI | INFO | CAM=c1 LABEL=Bike INSIDE_ROI=True
2026-08-07 00:08:38,384 | ROI | ERROR | Redis Save Error: unknown command 'HELLO'
2026-08-07 00:08:38,384 | ROI | INFO | Frame written to video -> CAM=c1 LABEL=Bike
2026-08-07 00:08:38,386 | ROI | INFO | CAM=c1 LABEL=Car INSIDE_ROI=False
2026-08-07 00:08:38,401 | ROI | INFO | CAM=c1 LABEL=Car INSIDE_ROI=False
2026-08-07 00:08:38,405 | ROI | INFO | CAM=c1 LABEL=Car INSIDE_ROI=False
2026-08-07 00:08:38,407 | ROI | INFO | CAM=c1 LABEL=Car INSIDE_ROI=False
2026-08-07 00:08:38,409 | ROI | INFO | CAM=c1 LABEL=Car INSIDE_ROI=False
2026-08-07 00:08:38,410 | ROI | INFO | CAM=c1 LABEL=Bike INSIDE_ROI=False
2026-08-07 00:08:38,412 | ROI | INFO | CAM=c1 LABEL=Bike INSIDE_ROI=False
2026-08-07 00:08:38,412 | ROI | INFO | CAM=c1 LABEL=Car INSIDE_ROI=False
2026-08-07 00:08:38,414 | ROI | INFO | CAM=c1 LABEL=Bike INSIDE_ROI=False
2026-08-07 00:08:38,414 | ROI | INFO | CAM=c1 LABEL=Bike INSIDE_ROI=True
2026-08-07 00:08:38,431 | ROI | ERROR | Redis Save Error: unknown command 'HELLO'
2026-08-07 00:08:38,433 | ROI | INFO | Frame written to video -> CAM=c1 LABEL=Bike
2026-08-07 00:08:38,433 | ROI | INFO | CAM=c1 LABEL=Car INSIDE_ROI=False
2026-08-07 00:08:38,448 | ROI | INFO | CAM=c1 LABEL=Bike INSIDE_ROI=False
2026-08-07 00:08:38,448 | ROI | INFO | CAM=c1 LABEL=Car INSIDE_ROI=False
2026-08-07 00:08:38,451 | ROI | INFO | CAM=c1 LABEL=Bike INSIDE_ROI=False
2026-08-07 00:08:38,451 | ROI | INFO | CAM=c1 LABEL=Car INSIDE_ROI=False
2026-08-07 00:08:38,451 | ROI | INFO | CAM=c1 LABEL=Bike INSIDE_ROI=True
2026-08-07 00:08:38,477 | ROI | ERROR | Redis Save Error: unknown command 'HELLO'
2026-08-07 00:08:38,479 | ROI | INFO | Frame written to video -> CAM=c1 LABEL=Bike
2026-08-07 00:08:38,495 | ROI | INFO | CAM=c1 LABEL=Bike INSIDE_ROI=True
2026-08-07 00:08:38,497 | ROI | ERROR | Redis Save Error: unknown command 'HELLO'
2026-08-07 00:08:38,499 | ROI | INFO | Frame written to video -> CAM=c1 LABEL=Bike
2026-08-07 00:08:38,499 | ROI | INFO | CAM=c1 LABEL=Bike INSIDE_ROI=False
2026-08-07 00:08:38,499 | ROI | INFO | CAM=c1 LABEL=Car INSIDE_ROI=False
2026-08-07 00:08:38,511 | ROI | INFO | CAM=c1 LABEL=Bike INSIDE_ROI=False
2026-08-07 00:08:38,511 | ROI | INFO | CAM=c1 LABEL=Car INSIDE_ROI=False
2026-08-07 00:08:38,511 | ROI | INFO | CAM=c1 LABEL=Bike INSIDE_ROI=True
2026-08-07 00:08:38,516 | ROI | ERROR | Redis Save Error: unknown command 'HELLO'
2026-08-07 00:08:38,517 | ROI | INFO | Frame written to video -> CAM=c1 LABEL=Bike
2026-08-07 00:08:38,525 | ROI | INFO | CAM=c1 LABEL=Bike INSIDE_ROI=False
2026-08-07 00:08:38,526 | ROI | INFO | CAM=c1 LABEL=Bike INSIDE_ROI=False
2026-08-07 00:08:38,526 | ROI | INFO | CAM=c1 LABEL=Car INSIDE_ROI=False
2026-08-07 00:08:38,529 | ROI | INFO | CAM=c1 LABEL=Bike INSIDE_ROI=False
2026-08-07 00:08:38,529 | ROI | INFO | CAM=c1 LABEL=Bike INSIDE_ROI=False
2026-08-07 00:08:38,529 | ROI | INFO | CAM=c1 LABEL=Car INSIDE_ROI=False
2026-08-07 00:08:38,532 | ROI | INFO | CAM=c3 LABEL=Fire INSIDE_ROI=False
2026-08-07 00:08:38,532 | ROI | INFO | CAM=c3 LABEL=Fire INSIDE_ROI=False
2026-08-07 00:08:38,532 | ROI | INFO | CAM=c3 LABEL=Smoke INSIDE_ROI=True
2026-08-07 00:08:38,555 | ROI | ERROR | Redis Save Error: unknown command 'HELLO'
2026-08-07 00:08:38,556 | ROI | INFO | Created video file: roi_detected_frames\c3\Smoke_roi.avi
2026-08-07 00:08:38,558 | ROI | INFO | Frame written to video -> CAM=c3 LABEL=Smoke
2026-08-07 00:08:38,590 | ROI | INFO | CAM=c3 LABEL=Fire INSIDE_ROI=False
2026-08-07 00:08:38,590 | ROI | INFO | CAM=c3 LABEL=Fire INSIDE_ROI=False
2026-08-07 00:08:38,591 | ROI | INFO | CAM=c3 LABEL=Smoke INSIDE_ROI=True
2026-08-07 00:08:38,618 | ROI | ERROR | Redis Save Error: unknown command 'HELLO'
2026-08-07 00:08:38,619 | ROI | INFO | Frame written to video -> CAM=c3 LABEL=Smoke
2026-08-07 00:08:38,635 | ROI | INFO | CAM=c3 LABEL=Fire INSIDE_ROI=False
2026-08-07 00:08:38,635 | ROI | INFO | CAM=c3 LABEL=Fire INSIDE_ROI=False
2026-08-07 00:08:38,636 | ROI | INFO | CAM=c3 LABEL=Smoke INSIDE_ROI=True
2026-08-07 00:08:38,650 | ROI | ERROR | Redis Save Error: unknown command 'HELLO'
2026-08-07 00:08:38,651 | ROI | INFO | Frame written to video -> CAM=c3 LABEL=Smoke
2026-08-07 00:08:38,668 | ROI | INFO | CAM=c3 LABEL=Fire INSIDE_ROI=False
2026-08-07 00:08:38,668 | ROI | INFO | CAM=c3 LABEL=Fire INSIDE_ROI=False
2026-08-07 00:08:38,668 | ROI | INFO | CAM=c3 LABEL=Smoke INSIDE_ROI=True
2026-08-07 00:08:38,681 | ROI | ERROR | Redis Save Error: unknown command 'HELLO'
2026-08-07 00:08:38,685 | ROI | INFO | Frame written to video -> CAM=c3 LABEL=Smoke
2026-08-07 00:08:38,698 | ROI | INFO | CAM=c3 LABEL=Fire INSIDE_ROI=False
2026-08-07 00:08:38,699 | ROI | INFO | CAM=c3 LABEL=Fire INSIDE_ROI=False
2026-08-07 00:08:38,699 | ROI | INFO | CAM=c3 LABEL=Smoke INSIDE_ROI=True
2026-08-07 00:08:38,701 | ROI | ERROR | Redis Save Error: unknown command 'HELLO'
2026-08-07 00:08:38,704 | ROI | INFO | Frame written to video -> CAM=c3 LABEL=Smoke
2026-08-07 00:08:38,715 | ROI | INFO | CAM=c3 LABEL=Fire INSIDE_ROI=False
2026-08-07 00:08:38,715 | ROI | INFO | CAM=c3 LABEL=Fire INSIDE_ROI=False
2026-08-07 00:08:38,716 | ROI | INFO | CAM=c3 LABEL=Smoke INSIDE_ROI=True
2026-08-07 00:08:38,742 | ROI | ERROR | Redis Save Error: unknown command 'HELLO'
2026-08-07 00:08:38,744 | ROI | INFO | Frame written to video -> CAM=c3 LABEL=Smoke
2026-08-07 00:08:38,761 | ROI | INFO | CAM=c3 LABEL=Fire INSIDE_ROI=False
2026-08-07 00:08:38,762 | ROI | INFO | CAM=c3 LABEL=Fire INSIDE_ROI=False
2026-08-07 00:08:38,762 | ROI | INFO | CAM=c3 LABEL=Smoke INSIDE_ROI=True
2026-08-07 00:08:38,774 | ROI | ERROR | Redis Save Error: unknown command 'HELLO'
2026-08-07 00:08:38,776 | ROI | INFO | Frame written to video -> CAM=c3 LABEL=Smoke
2026-08-07 00:08:38,791 | ROI | INFO | CAM=c3 LABEL=Fire INSIDE_ROI=False
2026-08-07 00:08:38,792 | ROI | INFO | CAM=c3 LABEL=Smoke INSIDE_ROI=True
2026-08-07 00:08:38,795 | ROI | ERROR | Redis Save Error: unknown command 'HELLO'
2026-08-07 00:08:38,799 | ROI | INFO | Frame written to video -> CAM=c3 LABEL=Smoke
2026-08-07 00:08:38,800 | ROI | INFO | CAM=c3 LABEL=Fire INSIDE_ROI=False
2026-08-07 00:08:38,806 | ROI | INFO | CAM=c3 LABEL=Fire INSIDE_ROI=False
2026-08-07 00:08:38,807 | ROI | INFO | CAM=c3 LABEL=Smoke INSIDE_ROI=True
2026-08-07 00:08:38,809 | ROI | ERROR | Redis Save Error: unknown command 'HELLO'
2026-08-07 00:08:38,811 | ROI | INFO | Frame written to video -> CAM=c3 LABEL=Smoke
2026-08-07 00:08:38,812 | ROI | INFO | CAM=c3 LABEL=Fire INSIDE_ROI=False
2026-08-07 00:08:38,822 | ROI | INFO | CAM=c3 LABEL=Fire INSIDE_ROI=False
2026-08-07 00:08:38,822 | ROI | INFO | CAM=c3 LABEL=Smoke INSIDE_ROI=True
2026-08-07 00:08:38,837 | ROI | ERROR | Redis Save Error: unknown command 'HELLO'
2026-08-07 00:08:38,837 | ROI | INFO | Frame written to video -> CAM=c3 LABEL=Smoke
2026-08-07 00:08:38,838 | ROI | INFO | CAM=c3 LABEL=Fire INSIDE_ROI=False
2026-08-07 00:08:38,854 | ROI | INFO | CAM=c3 LABEL=Smoke INSIDE_ROI=True
2026-08-07 00:08:38,867 | ROI | ERROR | Redis Save Error: unknown command 'HELLO'
2026-08-07 00:08:38,870 | ROI | INFO | Frame written to video -> CAM=c3 LABEL=Smoke
2026-08-07 00:08:38,870 | ROI | INFO | CAM=c3 LABEL=Fire INSIDE_ROI=False
2026-08-07 00:08:38,870 | ROI | INFO | CAM=c3 LABEL=Fire INSIDE_ROI=False
2026-08-07 00:08:38,885 | ROI | INFO | CAM=c3 LABEL=Smoke INSIDE_ROI=True
2026-08-07 00:08:38,888 | ROI | ERROR | Redis Save Error: unknown command 'HELLO'
2026-08-07 00:08:38,890 | ROI | INFO | Frame written to video -> CAM=c3 LABEL=Smoke
2026-08-07 00:08:38,890 | ROI | INFO | CAM=c3 LABEL=Fire INSIDE_ROI=False
2026-08-07 00:08:38,900 | ROI | INFO | CAM=c3 LABEL=Smoke INSIDE_ROI=True
2026-08-07 00:08:38,903 | ROI | ERROR | Redis Save Error: unknown command 'HELLO'
2026-08-07 00:08:38,904 | ROI | INFO | Frame written to video -> CAM=c3 LABEL=Smoke
2026-08-07 00:08:38,904 | ROI | INFO | CAM=c3 LABEL=Fire INSIDE_ROI=False
2026-08-07 00:08:38,904 | ROI | INFO | CAM=c3 LABEL=Fire INSIDE_ROI=False
2026-08-07 00:08:38,915 | ROI | INFO | CAM=c3 LABEL=Smoke INSIDE_ROI=True
2026-08-07 00:08:38,929 | ROI | ERROR | Redis Save Error: unknown command 'HELLO'
2026-08-07 00:08:38,930 | ROI | INFO | Frame written to video -> CAM=c3 LABEL=Smoke
2026-08-07 00:08:38,930 | ROI | INFO | CAM=c3 LABEL=Fire INSIDE_ROI=False
2026-08-07 00:08:38,930 | ROI | INFO | CAM=c3 LABEL=Fire INSIDE_ROI=False
2026-08-07 00:08:38,946 | ROI | INFO | CAM=c3 LABEL=Smoke INSIDE_ROI=True
2026-08-07 00:08:38,960 | ROI | ERROR | Redis Save Error: unknown command 'HELLO'
2026-08-07 00:08:38,962 | ROI | INFO | Frame written to video -> CAM=c3 LABEL=Smoke
2026-08-07 00:08:38,962 | ROI | INFO | CAM=c3 LABEL=Fire INSIDE_ROI=False
2026-08-07 00:08:38,962 | ROI | INFO | CAM=c3 LABEL=Fire INSIDE_ROI=False
2026-08-07 00:08:38,978 | ROI | INFO | CAM=c3 LABEL=Fire INSIDE_ROI=False
2026-08-07 00:08:38,978 | ROI | INFO | CAM=c3 LABEL=Fire INSIDE_ROI=False
2026-08-07 00:08:38,979 | ROI | INFO | CAM=c3 LABEL=Smoke INSIDE_ROI=True
2026-08-07 00:08:38,991 | ROI | ERROR | Redis Save Error: unknown command 'HELLO'
2026-08-07 00:08:38,993 | ROI | INFO | Frame written to video -> CAM=c3 LABEL=Smoke
2026-08-07 00:08:39,008 | ROI | INFO | CAM=c3 LABEL=Fire INSIDE_ROI=False
2026-08-07 00:08:39,008 | ROI | INFO | CAM=c3 LABEL=Smoke INSIDE_ROI=True
2026-08-07 00:08:39,012 | ROI | ERROR | Redis Save Error: unknown command 'HELLO'
2026-08-07 00:08:39,014 | ROI | INFO | Frame written to video -> CAM=c3 LABEL=Smoke
2026-08-07 00:08:39,024 | ROI | INFO | CAM=c3 LABEL=Smoke INSIDE_ROI=True
2026-08-07 00:08:39,038 | ROI | ERROR | Redis Save Error: unknown command 'HELLO'
2026-08-07 00:08:39,040 | ROI | INFO | Frame written to video -> CAM=c3 LABEL=Smoke
2026-08-07 00:08:39,040 | ROI | INFO | CAM=c3 LABEL=Fire INSIDE_ROI=False
2026-08-07 00:08:39,056 | ROI | INFO | CAM=c3 LABEL=Fire INSIDE_ROI=False
2026-08-07 00:08:39,056 | ROI | INFO | CAM=c3 LABEL=Smoke INSIDE_ROI=True
2026-08-07 00:08:39,070 | ROI | ERROR | Redis Save Error: unknown command 'HELLO'
2026-08-07 00:08:39,072 | ROI | INFO | Frame written to video -> CAM=c3 LABEL=Smoke
2026-08-07 00:08:39,087 | ROI | INFO | CAM=c3 LABEL=Fire INSIDE_ROI=False
2026-08-07 00:08:39,087 | ROI | INFO | CAM=c3 LABEL=Smoke INSIDE_ROI=True
2026-08-07 00:08:39,090 | ROI | ERROR | Redis Save Error: unknown command 'HELLO'
2026-08-07 00:08:39,092 | ROI | INFO | Frame written to video -> CAM=c3 LABEL=Smoke
2026-08-07 00:08:39,103 | ROI | INFO | CAM=c3 LABEL=Fire INSIDE_ROI=False
2026-08-07 00:08:39,103 | ROI | INFO | CAM=c3 LABEL=Smoke INSIDE_ROI=True
2026-08-07 00:08:39,117 | ROI | ERROR | Redis Save Error: unknown command 'HELLO'
2026-08-07 00:08:39,119 | ROI | INFO | Frame written to video -> CAM=c3 LABEL=Smoke
2026-08-07 00:08:39,135 | ROI | INFO | CAM=c3 LABEL=Fire INSIDE_ROI=False
2026-08-07 00:08:39,135 | ROI | INFO | CAM=c3 LABEL=Smoke INSIDE_ROI=True
2026-08-07 00:08:39,137 | ROI | ERROR | Redis Save Error: unknown command 'HELLO'
2026-08-07 00:08:39,139 | ROI | INFO | Frame written to video -> CAM=c3 LABEL=Smoke
2026-08-07 00:08:39,151 | ROI | INFO | CAM=c3 LABEL=Fire INSIDE_ROI=False
2026-08-07 00:08:39,151 | ROI | INFO | CAM=c3 LABEL=Smoke INSIDE_ROI=True
2026-08-07 00:08:39,164 | ROI | ERROR | Redis Save Error: unknown command 'HELLO'
2026-08-07 00:08:39,166 | ROI | INFO | Frame written to video -> CAM=c3 LABEL=Smoke
2026-08-07 00:08:39,182 | ROI | INFO | CAM=c3 LABEL=Fire INSIDE_ROI=False
2026-08-07 00:08:39,182 | ROI | INFO | CAM=c3 LABEL=Smoke INSIDE_ROI=True
2026-08-07 00:08:39,195 | ROI | ERROR | Redis Save Error: unknown command 'HELLO'
2026-08-07 00:08:39,197 | ROI | INFO | Frame written to video -> CAM=c3 LABEL=Smoke
2026-08-07 00:08:39,197 | ROI | INFO | CAM=c3 LABEL=Fire INSIDE_ROI=False
2026-08-07 00:08:39,213 | ROI | INFO | CAM=c3 LABEL=Fire INSIDE_ROI=False
2026-08-07 00:08:39,213 | ROI | INFO | CAM=c3 LABEL=Fire INSIDE_ROI=False
2026-08-07 00:08:39,213 | ROI | INFO | CAM=c3 LABEL=Smoke INSIDE_ROI=True
2026-08-07 00:08:39,240 | ROI | ERROR | Redis Save Error: unknown command 'HELLO'
2026-08-07 00:08:39,242 | ROI | INFO | Frame written to video -> CAM=c3 LABEL=Smoke
2026-08-07 00:08:39,258 | ROI | INFO | CAM=c3 LABEL=Fire INSIDE_ROI=False
2026-08-07 00:08:39,258 | ROI | INFO | CAM=c3 LABEL=Fire INSIDE_ROI=False
2026-08-07 00:08:39,259 | ROI | INFO | CAM=c3 LABEL=Smoke INSIDE_ROI=True
2026-08-07 00:08:39,261 | ROI | ERROR | Redis Save Error: unknown command 'HELLO'
2026-08-07 00:08:39,263 | ROI | INFO | Frame written to video -> CAM=c3 LABEL=Smoke
2026-08-07 00:08:39,274 | ROI | INFO | CAM=c3 LABEL=Fire INSIDE_ROI=False
2026-08-07 00:08:39,274 | ROI | INFO | CAM=c3 LABEL=Fire INSIDE_ROI=False
2026-08-07 00:08:39,277 | ROI | INFO | CAM=c3 LABEL=Fire INSIDE_ROI=False
2026-08-07 00:08:39,278 | ROI | INFO | CAM=c3 LABEL=Fire INSIDE_ROI=False
2026-08-07 00:08:39,278 | ROI | INFO | CAM=c3 LABEL=Fire INSIDE_ROI=False
2026-08-07 00:08:39,280 | ROI | INFO | CAM=c3 LABEL=Fire INSIDE_ROI=False
2026-08-07 00:08:39,280 | ROI | INFO | CAM=c3 LABEL=Fire INSIDE_ROI=False
2026-08-07 00:08:39,283 | ROI | INFO | CAM=c3 LABEL=Fire INSIDE_ROI=False
2026-08-07 00:08:39,283 | ROI | INFO | CAM=c3 LABEL=Fire INSIDE_ROI=False
2026-08-07 00:08:39,285 | ROI | INFO | CAM=c3 LABEL=Fire INSIDE_ROI=False
2026-08-07 00:08:39,285 | ROI | INFO | CAM=c3 LABEL=Fire INSIDE_ROI=False
2026-08-07 00:08:39,288 | ROI | INFO | CAM=c3 LABEL=Fire INSIDE_ROI=False
2026-08-07 00:08:39,288 | ROI | INFO | CAM=c3 LABEL=Fire INSIDE_ROI=False
2026-08-07 00:08:39,291 | ROI | INFO | CAM=c3 LABEL=Fire INSIDE_ROI=False
2026-08-07 00:08:39,291 | ROI | INFO | CAM=c3 LABEL=Fire INSIDE_ROI=False
2026-08-07 00:08:39,293 | ROI | INFO | CAM=c3 LABEL=Fire INSIDE_ROI=False
2026-08-07 00:08:39,293 | ROI | INFO | CAM=c3 LABEL=Fire INSIDE_ROI=False
2026-08-07 00:08:39,295 | ROI | INFO | CAM=c3 LABEL=Fire INSIDE_ROI=False
2026-08-07 00:08:39,295 | ROI | INFO | CAM=c3 LABEL=Fire INSIDE_ROI=False
2026-08-07 00:08:39,297 | ROI | INFO | CAM=c3 LABEL=Fire INSIDE_ROI=False
2026-08-07 00:08:39,297 | ROI | INFO | CAM=c3 LABEL=Fire INSIDE_ROI=False
2026-08-07 00:08:39,299 | ROI | INFO | CAM=c3 LABEL=Fire INSIDE_ROI=False
2026-08-07 00:08:39,300 | ROI | INFO | CAM=c3 LABEL=Fire INSIDE_ROI=False
2026-08-07 00:08:39,302 | ROI | INFO | CAM=c3 LABEL=Fire INSIDE_ROI=False
2026-08-07 00:08:39,302 | ROI | INFO | CAM=c3 LABEL=Fire INSIDE_ROI=False
2026-08-07 00:08:39,302 | ROI | INFO | CAM=c3 LABEL=Smoke INSIDE_ROI=True
2026-08-07 00:08:39,319 | ROI | ERROR | Redis Save Error: unknown command 'HELLO'
2026-08-07 00:08:39,321 | ROI | INFO | Frame written to video -> CAM=c3 LABEL=Smoke
2026-08-07 00:08:39,337 | ROI | INFO | CAM=c3 LABEL=Fire INSIDE_ROI=False
2026-08-07 00:08:39,337 | ROI | INFO | CAM=c3 LABEL=Fire INSIDE_ROI=False
2026-08-07 00:08:39,337 | ROI | INFO | CAM=c3 LABEL=Smoke INSIDE_ROI=True
2026-08-07 00:08:39,350 | ROI | ERROR | Redis Save Error: unknown command 'HELLO'
2026-08-07 00:08:39,352 | ROI | INFO | Frame written to video -> CAM=c3 LABEL=Smoke
2026-08-07 00:08:39,368 | ROI | INFO | CAM=c3 LABEL=Fire INSIDE_ROI=False
2026-08-07 00:08:39,368 | ROI | INFO | CAM=c3 LABEL=Fire INSIDE_ROI=False
2026-08-07 00:08:39,368 | ROI | INFO | CAM=c3 LABEL=Smoke INSIDE_ROI=True
2026-08-07 00:08:39,381 | ROI | ERROR | Redis Save Error: unknown command 'HELLO'
2026-08-07 00:08:39,383 | ROI | INFO | Frame written to video -> CAM=c3 LABEL=Smoke
2026-08-07 00:08:39,399 | ROI | INFO | CAM=c3 LABEL=Fire INSIDE_ROI=False
2026-08-07 00:08:39,399 | ROI | INFO | CAM=c3 LABEL=Fire INSIDE_ROI=False
2026-08-07 00:08:39,400 | ROI | INFO | CAM=c3 LABEL=Smoke INSIDE_ROI=True
2026-08-07 00:08:39,413 | ROI | ERROR | Redis Save Error: unknown command 'HELLO'
2026-08-07 00:08:39,415 | ROI | INFO | Frame written to video -> CAM=c3 LABEL=Smoke
2026-08-07 00:08:39,431 | ROI | INFO | CAM=c3 LABEL=Fire INSIDE_ROI=False
2026-08-07 00:08:39,431 | ROI | INFO | CAM=c3 LABEL=Fire INSIDE_ROI=False
2026-08-07 00:08:39,433 | ROI | INFO | CAM=c3 LABEL=Fire INSIDE_ROI=False
2026-08-07 00:08:39,433 | ROI | INFO | CAM=c3 LABEL=Fire INSIDE_ROI=False
2026-08-07 00:08:39,434 | ROI | INFO | CAM=c3 LABEL=Fire INSIDE_ROI=False
2026-08-07 00:08:39,436 | ROI | INFO | CAM=c3 LABEL=Fire INSIDE_ROI=False
2026-08-07 00:08:39,436 | ROI | INFO | CAM=c3 LABEL=Fire INSIDE_ROI=False
2026-08-07 00:08:39,436 | ROI | INFO | CAM=c3 LABEL=Fire INSIDE_ROI=False
2026-08-07 00:08:39,438 | ROI | INFO | CAM=c3 LABEL=Fire INSIDE_ROI=False
2026-08-07 00:08:39,438 | ROI | INFO | CAM=c3 LABEL=Fire INSIDE_ROI=False
2026-08-07 00:08:39,438 | ROI | INFO | CAM=c3 LABEL=Fire INSIDE_ROI=False
2026-08-07 00:08:39,440 | ROI | INFO | CAM=c3 LABEL=Fire INSIDE_ROI=False
2026-08-07 00:08:39,440 | ROI | INFO | CAM=c3 LABEL=Fire INSIDE_ROI=False
2026-08-07 00:08:39,440 | ROI | INFO | CAM=c3 LABEL=Smoke INSIDE_ROI=False
2026-08-07 00:08:39,440 | ROI | INFO | CAM=c3 LABEL=Fire INSIDE_ROI=False
2026-08-07 00:08:39,442 | ROI | INFO | CAM=c3 LABEL=Fire INSIDE_ROI=False
2026-08-07 00:08:39,443 | ROI | INFO | CAM=c3 LABEL=Fire INSIDE_ROI=False
2026-08-07 00:08:39,443 | ROI | INFO | CAM=c3 LABEL=Fire INSIDE_ROI=False
2026-08-07 00:08:39,443 | ROI | INFO | CAM=c3 LABEL=Smoke INSIDE_ROI=False
2026-08-07 00:08:39,445 | ROI | INFO | CAM=c3 LABEL=Fire INSIDE_ROI=False
2026-08-07 00:08:39,445 | ROI | INFO | CAM=c3 LABEL=Fire INSIDE_ROI=False
2026-08-07 00:08:39,445 | ROI | INFO | CAM=c3 LABEL=Smoke INSIDE_ROI=False
2026-08-07 00:08:39,447 | ROI | INFO | CAM=c3 LABEL=Fire INSIDE_ROI=False
2026-08-07 00:08:39,447 | ROI | INFO | CAM=c3 LABEL=Fire INSIDE_ROI=False
2026-08-07 00:08:39,447 | ROI | INFO | CAM=c3 LABEL=Smoke INSIDE_ROI=False
2026-08-07 00:08:39,450 | ROI | INFO | CAM=c2 LABEL=Helmet INSIDE_ROI=False
2026-08-07 00:08:39,453 | ROI | INFO | CAM=c2 LABEL=Helmet INSIDE_ROI=False
2026-08-07 00:08:39,456 | ROI | INFO | CAM=c2 LABEL=Helmet INSIDE_ROI=False
2026-08-07 00:08:39,460 | ROI | INFO | CAM=c2 LABEL=Helmet INSIDE_ROI=False
2026-08-07 00:08:39,464 | ROI | INFO | CAM=c2 LABEL=Helmet INSIDE_ROI=False
2026-08-07 00:08:39,467 | ROI | INFO | CAM=c2 LABEL=Helmet INSIDE_ROI=False
2026-08-07 00:08:39,470 | ROI | INFO | CAM=c2 LABEL=Helmet INSIDE_ROI=False
2026-08-07 00:08:39,474 | ROI | INFO | CAM=c2 LABEL=Helmet INSIDE_ROI=False
2026-08-07 00:08:39,477 | ROI | INFO | CAM=c2 LABEL=Helmet INSIDE_ROI=False
2026-08-07 00:08:39,481 | ROI | INFO | CAM=c2 LABEL=Helmet INSIDE_ROI=False
2026-08-07 00:08:39,484 | ROI | INFO | CAM=c2 LABEL=Helmet INSIDE_ROI=False
2026-08-07 00:08:39,487 | ROI | INFO | CAM=c2 LABEL=Helmet INSIDE_ROI=False
2026-08-07 00:08:39,490 | ROI | INFO | CAM=c2 LABEL=Helmet INSIDE_ROI=False
2026-08-07 00:08:39,493 | ROI | INFO | CAM=c2 LABEL=Helmet INSIDE_ROI=False
2026-08-07 00:08:39,496 | ROI | INFO | CAM=c2 LABEL=Helmet INSIDE_ROI=False
2026-08-07 00:08:39,500 | ROI | INFO | CAM=c2 LABEL=Helmet INSIDE_ROI=False
2026-08-07 00:08:39,503 | ROI | INFO | CAM=c2 LABEL=Helmet INSIDE_ROI=False
2026-08-07 00:08:39,506 | ROI | INFO | CAM=c2 LABEL=Helmet INSIDE_ROI=False
2026-08-07 00:08:39,509 | ROI | INFO | CAM=c2 LABEL=Helmet INSIDE_ROI=False
2026-08-07 00:08:39,512 | ROI | INFO | CAM=c2 LABEL=Helmet INSIDE_ROI=False
2026-08-07 00:08:39,515 | ROI | INFO | CAM=c2 LABEL=Helmet INSIDE_ROI=False
2026-08-07 00:08:39,519 | ROI | INFO | CAM=c2 LABEL=Helmet INSIDE_ROI=False
2026-08-07 00:08:39,522 | ROI | INFO | CAM=c2 LABEL=Helmet INSIDE_ROI=False
2026-08-07 00:08:39,524 | ROI | INFO | CAM=c2 LABEL=Helmet INSIDE_ROI=False
2026-08-07 00:08:39,528 | ROI | INFO | CAM=c2 LABEL=Helmet INSIDE_ROI=False
2026-08-07 00:08:39,532 | ROI | INFO | CAM=c2 LABEL=Helmet INSIDE_ROI=False
2026-08-07 00:08:39,535 | ROI | INFO | CAM=c2 LABEL=Helmet INSIDE_ROI=False
2026-08-07 00:08:39,539 | ROI | INFO | CAM=c2 LABEL=Helmet INSIDE_ROI=False
2026-08-07 00:08:39,545 | ROI | INFO | CAM=c2 LABEL=Helmet INSIDE_ROI=False
2026-08-07 00:08:39,548 | ROI | INFO | CAM=c2 LABEL=Helmet INSIDE_ROI=False
2026-08-07 00:08:39,551 | ROI | INFO | CAM=c2 LABEL=Helmet INSIDE_ROI=False
2026-08-07 00:08:39,554 | ROI | INFO | CAM=c2 LABEL=Helmet INSIDE_ROI=False
2026-08-07 00:08:39,556 | ROI | INFO | CAM=c2 LABEL=Helmet INSIDE_ROI=False
2026-08-07 00:08:39,559 | ROI | INFO | CAM=c2 LABEL=Helmet INSIDE_ROI=False
2026-08-07 00:08:39,563 | ROI | INFO | CAM=c2 LABEL=Helmet INSIDE_ROI=False
2026-08-07 00:08:39,564 | ROI | INFO | CAM=c2 LABEL=Helmet INSIDE_ROI=False
2026-08-07 00:08:39,567 | ROI | INFO | CAM=c2 LABEL=Helmet INSIDE_ROI=False
2026-08-07 00:08:39,570 | ROI | INFO | CAM=c2 LABEL=Helmet INSIDE_ROI=False
2026-08-07 00:08:39,572 | ROI | INFO | CAM=c2 LABEL=Helmet INSIDE_ROI=False
2026-08-07 00:08:39,575 | ROI | INFO | CAM=c2 LABEL=Helmet INSIDE_ROI=False
2026-08-07 00:08:39,577 | ROI | INFO | CAM=c2 LABEL=Helmet INSIDE_ROI=False
2026-08-07 00:08:39,580 | ROI | INFO | CAM=c2 LABEL=Helmet INSIDE_ROI=False
2026-08-07 00:08:39,583 | ROI | INFO | CAM=c2 LABEL=Helmet INSIDE_ROI=False
2026-08-07 00:08:39,585 | ROI | INFO | CAM=c2 LABEL=Helmet INSIDE_ROI=False
2026-08-07 00:08:39,588 | ROI | INFO | CAM=c2 LABEL=Helmet INSIDE_ROI=False
2026-08-07 00:08:39,591 | ROI | INFO | CAM=c2 LABEL=Helmet INSIDE_ROI=False
2026-08-07 00:08:39,594 | ROI | INFO | CAM=c2 LABEL=Helmet INSIDE_ROI=False
2026-08-07 00:08:39,596 | ROI | INFO | CAM=c2 LABEL=Helmet INSIDE_ROI=False
2026-08-07 00:08:39,598 | ROI | INFO | CAM=c4 LABEL=Person INSIDE_ROI=True
2026-08-07 00:08:39,600 | ROI | ERROR | Redis Save Error: unknown command 'HELLO'
2026-08-07 00:08:39,602 | ROI | INFO | Created video file: roi_detected_frames\c4\Person_roi.avi
2026-08-07 00:08:39,604 | ROI | INFO | Frame written to video -> CAM=c4 LABEL=Person
2026-08-07 00:08:39,622 | ROI | INFO | CAM=c4 LABEL=Person INSIDE_ROI=True
2026-08-07 00:08:39,624 | ROI | ERROR | Redis Save Error: unknown command 'HELLO'
2026-08-07 00:08:39,626 | ROI | INFO | Frame written to video -> CAM=c4 LABEL=Person
2026-08-07 00:08:39,627 | ROI | INFO | CAM=c4 LABEL=Person INSIDE_ROI=False
2026-08-07 00:08:39,633 | ROI | INFO | CAM=c4 LABEL=Person INSIDE_ROI=True
2026-08-07 00:08:39,635 | ROI | ERROR | Redis Save Error: unknown command 'HELLO'
2026-08-07 00:08:39,637 | ROI | INFO | Frame written to video -> CAM=c4 LABEL=Person
2026-08-07 00:08:39,638 | ROI | INFO | CAM=c4 LABEL=Person INSIDE_ROI=False
2026-08-07 00:08:39,638 | ROI | INFO | CAM=c4 LABEL=Person INSIDE_ROI=False
2026-08-07 00:08:39,638 | ROI | INFO | CAM=c4 LABEL=Person INSIDE_ROI=True
2026-08-07 00:08:39,661 | ROI | ERROR | Redis Save Error: unknown command 'HELLO'
2026-08-07 00:08:39,663 | ROI | INFO | Frame written to video -> CAM=c4 LABEL=Person
2026-08-07 00:08:39,679 | ROI | INFO | CAM=c4 LABEL=Person INSIDE_ROI=True
2026-08-07 00:08:39,692 | ROI | ERROR | Redis Save Error: unknown command 'HELLO'
2026-08-07 00:08:39,694 | ROI | INFO | Frame written to video -> CAM=c4 LABEL=Person
2026-08-07 00:08:39,694 | ROI | INFO | CAM=c4 LABEL=Person INSIDE_ROI=False
2026-08-07 00:08:39,694 | ROI | INFO | CAM=c4 LABEL=Person INSIDE_ROI=False
2026-08-07 00:08:39,695 | ROI | INFO | CAM=c4 LABEL=Person INSIDE_ROI=True
2026-08-07 00:08:39,697 | ROI | ERROR | Redis Save Error: unknown command 'HELLO'
2026-08-07 00:08:39,698 | ROI | INFO | Frame written to video -> CAM=c4 LABEL=Person
2026-08-07 00:08:39,712 | ROI | INFO | CAM=c4 LABEL=Person INSIDE_ROI=True
2026-08-07 00:08:39,715 | ROI | ERROR | Redis Save Error: unknown command 'HELLO'
2026-08-07 00:08:39,717 | ROI | INFO | Frame written to video -> CAM=c4 LABEL=Person
2026-08-07 00:08:39,717 | ROI | INFO | CAM=c4 LABEL=Person INSIDE_ROI=False
2026-08-07 00:08:39,717 | ROI | INFO | CAM=c4 LABEL=Person INSIDE_ROI=True
2026-08-07 00:08:39,719 | ROI | ERROR | Redis Save Error: unknown command 'HELLO'
2026-08-07 00:08:39,721 | ROI | INFO | Frame written to video -> CAM=c4 LABEL=Person
2026-08-07 00:08:39,728 | ROI | INFO | CAM=c4 LABEL=Person INSIDE_ROI=True
2026-08-07 00:08:39,740 | ROI | ERROR | Redis Save Error: unknown command 'HELLO'
2026-08-07 00:08:39,742 | ROI | INFO | Frame written to video -> CAM=c4 LABEL=Person
2026-08-07 00:08:39,742 | ROI | INFO | CAM=c4 LABEL=Person INSIDE_ROI=False
2026-08-07 00:08:39,743 | ROI | INFO | CAM=c4 LABEL=Person INSIDE_ROI=True
2026-08-07 00:08:39,755 | ROI | ERROR | Redis Save Error: unknown command 'HELLO'
2026-08-07 00:08:39,757 | ROI | INFO | Frame written to video -> CAM=c4 LABEL=Person
2026-08-07 00:08:39,757 | ROI | INFO | CAM=c4 LABEL=Person INSIDE_ROI=False
2026-08-07 00:08:39,774 | ROI | INFO | CAM=c4 LABEL=Person INSIDE_ROI=True
2026-08-07 00:08:39,801 | ROI | ERROR | Redis Save Error: unknown command 'HELLO'
2026-08-07 00:08:39,803 | ROI | INFO | Frame written to video -> CAM=c4 LABEL=Person
2026-08-07 00:08:39,803 | ROI | INFO | CAM=c4 LABEL=Person INSIDE_ROI=False
2026-08-07 00:08:39,804 | ROI | INFO | CAM=c4 LABEL=Person INSIDE_ROI=True
2026-08-07 00:08:39,806 | ROI | ERROR | Redis Save Error: unknown command 'HELLO'
2026-08-07 00:08:39,807 | ROI | INFO | Frame written to video -> CAM=c4 LABEL=Person
2026-08-07 00:08:39,808 | ROI | INFO | CAM=c4 LABEL=Person INSIDE_ROI=False
2026-08-07 00:08:39,820 | ROI | INFO | CAM=c4 LABEL=Person INSIDE_ROI=True
2026-08-07 00:08:39,833 | ROI | ERROR | Redis Save Error: unknown command 'HELLO'
2026-08-07 00:08:39,835 | ROI | INFO | Frame written to video -> CAM=c4 LABEL=Person
2026-08-07 00:08:39,835 | ROI | INFO | CAM=c4 LABEL=Person INSIDE_ROI=False
2026-08-07 00:08:39,835 | ROI | INFO | CAM=c4 LABEL=Person INSIDE_ROI=True
2026-08-07 00:08:39,849 | ROI | ERROR | Redis Save Error: unknown command 'HELLO'
2026-08-07 00:08:39,850 | ROI | INFO | Frame written to video -> CAM=c4 LABEL=Person
2026-08-07 00:08:39,852 | ROI | INFO | CAM=c4 LABEL=Person INSIDE_ROI=False
2026-08-07 00:08:39,868 | ROI | INFO | CAM=c4 LABEL=Person INSIDE_ROI=True
2026-08-07 00:08:39,881 | ROI | ERROR | Redis Save Error: unknown command 'HELLO'
2026-08-07 00:08:39,883 | ROI | INFO | Frame written to video -> CAM=c4 LABEL=Person
2026-08-07 00:08:39,883 | ROI | INFO | CAM=c4 LABEL=Person INSIDE_ROI=False
2026-08-07 00:08:39,884 | ROI | INFO | CAM=c4 LABEL=Person INSIDE_ROI=False
2026-08-07 00:08:39,884 | ROI | INFO | CAM=c4 LABEL=Person INSIDE_ROI=True
2026-08-07 00:08:39,896 | ROI | ERROR | Redis Save Error: unknown command 'HELLO'
2026-08-07 00:08:39,898 | ROI | INFO | Frame written to video -> CAM=c4 LABEL=Person
2026-08-07 00:08:39,915 | ROI | INFO | CAM=c4 LABEL=Person INSIDE_ROI=True
2026-08-07 00:08:39,928 | ROI | ERROR | Redis Save Error: unknown command 'HELLO'
2026-08-07 00:08:39,930 | ROI | INFO | Frame written to video -> CAM=c4 LABEL=Person
2026-08-07 00:08:39,930 | ROI | INFO | CAM=c4 LABEL=Person INSIDE_ROI=False
2026-08-07 00:08:39,930 | ROI | INFO | CAM=c4 LABEL=Person INSIDE_ROI=False
2026-08-07 00:08:39,931 | ROI | INFO | CAM=c4 LABEL=Person INSIDE_ROI=True
2026-08-07 00:08:39,944 | ROI | ERROR | Redis Save Error: unknown command 'HELLO'
2026-08-07 00:08:39,946 | ROI | INFO | Frame written to video -> CAM=c4 LABEL=Person
2026-08-07 00:08:39,964 | ROI | INFO | CAM=c4 LABEL=Person INSIDE_ROI=True
2026-08-07 00:08:39,991 | ROI | ERROR | Redis Save Error: unknown command 'HELLO'
2026-08-07 00:08:39,993 | ROI | INFO | Frame written to video -> CAM=c4 LABEL=Person
2026-08-07 00:08:39,994 | ROI | INFO | CAM=c4 LABEL=Person INSIDE_ROI=False
2026-08-07 00:08:39,994 | ROI | INFO | CAM=c4 LABEL=Person INSIDE_ROI=False
2026-08-07 00:08:39,994 | ROI | INFO | CAM=c4 LABEL=Person INSIDE_ROI=True
2026-08-07 00:08:39,996 | ROI | ERROR | Redis Save Error: unknown command 'HELLO'
2026-08-07 00:08:39,998 | ROI | INFO | Frame written to video -> CAM=c4 LABEL=Person
2026-08-07 00:08:40,010 | ROI | INFO | CAM=c4 LABEL=Person INSIDE_ROI=False
2026-08-07 00:08:40,010 | ROI | INFO | CAM=c4 LABEL=Person INSIDE_ROI=True
2026-08-07 00:08:40,022 | ROI | ERROR | Redis Save Error: unknown command 'HELLO'
2026-08-07 00:08:40,025 | ROI | INFO | Frame written to video -> CAM=c4 LABEL=Person
2026-08-07 00:08:40,026 | ROI | INFO | CAM=c4 LABEL=Person INSIDE_ROI=False
2026-08-07 00:08:40,026 | ROI | INFO | CAM=c4 LABEL=Person INSIDE_ROI=True
2026-08-07 00:08:40,029 | ROI | ERROR | Redis Save Error: unknown command 'HELLO'
2026-08-07 00:08:40,031 | ROI | INFO | Frame written to video -> CAM=c4 LABEL=Person
2026-08-07 00:08:40,041 | ROI | INFO | CAM=c4 LABEL=Person INSIDE_ROI=True
2026-08-07 00:08:40,069 | ROI | ERROR | Redis Save Error: unknown command 'HELLO'
2026-08-07 00:08:40,071 | ROI | INFO | Frame written to video -> CAM=c4 LABEL=Person
2026-08-07 00:08:40,071 | ROI | INFO | CAM=c4 LABEL=Person INSIDE_ROI=False
2026-08-07 00:08:40,071 | ROI | INFO | CAM=c4 LABEL=Person INSIDE_ROI=False
2026-08-07 00:08:40,071 | ROI | INFO | CAM=c4 LABEL=Person INSIDE_ROI=True
2026-08-07 00:08:40,084 | ROI | ERROR | Redis Save Error: unknown command 'HELLO'
2026-08-07 00:08:40,087 | ROI | INFO | Frame written to video -> CAM=c4 LABEL=Person
2026-08-07 00:08:40,104 | ROI | INFO | CAM=c4 LABEL=Person INSIDE_ROI=False
2026-08-07 00:08:40,104 | ROI | INFO | CAM=c4 LABEL=Person INSIDE_ROI=True
2026-08-07 00:08:40,132 | ROI | ERROR | Redis Save Error: unknown command 'HELLO'
2026-08-07 00:08:40,134 | ROI | INFO | Frame written to video -> CAM=c4 LABEL=Person
2026-08-07 00:08:40,135 | ROI | INFO | CAM=c4 LABEL=Person INSIDE_ROI=False
2026-08-07 00:08:40,135 | ROI | INFO | CAM=c4 LABEL=Person INSIDE_ROI=True
2026-08-07 00:08:40,147 | ROI | ERROR | Redis Save Error: unknown command 'HELLO'
2026-08-07 00:08:40,149 | ROI | INFO | Frame written to video -> CAM=c4 LABEL=Person
2026-08-07 00:08:40,149 | ROI | INFO | CAM=c4 LABEL=Person INSIDE_ROI=True
2026-08-07 00:08:40,163 | ROI | ERROR | Redis Save Error: unknown command 'HELLO'
2026-08-07 00:08:40,165 | ROI | INFO | Frame written to video -> CAM=c4 LABEL=Person
2026-08-07 00:08:40,182 | ROI | INFO | CAM=c4 LABEL=Person INSIDE_ROI=False
2026-08-07 00:08:40,182 | ROI | INFO | CAM=c4 LABEL=Person INSIDE_ROI=True
2026-08-07 00:08:40,194 | ROI | ERROR | Redis Save Error: unknown command 'HELLO'
2026-08-07 00:08:40,196 | ROI | INFO | Frame written to video -> CAM=c4 LABEL=Person
2026-08-07 00:08:40,196 | ROI | INFO | CAM=c4 LABEL=Person INSIDE_ROI=False
2026-08-07 00:08:40,213 | ROI | INFO | CAM=c4 LABEL=Person INSIDE_ROI=False
2026-08-07 00:08:40,214 | ROI | INFO | CAM=c4 LABEL=Person INSIDE_ROI=True
2026-08-07 00:08:40,241 | ROI | ERROR | Redis Save Error: unknown command 'HELLO'
2026-08-07 00:08:40,243 | ROI | INFO | Frame written to video -> CAM=c4 LABEL=Person
2026-08-07 00:08:40,243 | ROI | INFO | CAM=c4 LABEL=Person INSIDE_ROI=False
2026-08-07 00:08:40,244 | ROI | INFO | CAM=c4 LABEL=Person INSIDE_ROI=True
2026-08-07 00:08:40,256 | ROI | ERROR | Redis Save Error: unknown command 'HELLO'
2026-08-07 00:08:40,258 | ROI | INFO | Frame written to video -> CAM=c4 LABEL=Person
2026-08-07 00:08:40,276 | ROI | INFO | CAM=c4 LABEL=Person INSIDE_ROI=False
2026-08-07 00:08:40,276 | ROI | INFO | CAM=c4 LABEL=Person INSIDE_ROI=True
2026-08-07 00:08:40,280 | ROI | ERROR | Redis Save Error: unknown command 'HELLO'
2026-08-07 00:08:40,282 | ROI | INFO | Frame written to video -> CAM=c4 LABEL=Person
2026-08-07 00:08:40,283 | ROI | INFO | CAM=c4 LABEL=Person INSIDE_ROI=False
2026-08-07 00:08:40,292 | ROI | INFO | CAM=c4 LABEL=Person INSIDE_ROI=False
2026-08-07 00:08:40,292 | ROI | INFO | CAM=c4 LABEL=Person INSIDE_ROI=True
2026-08-07 00:08:40,318 | ROI | ERROR | Redis Save Error: unknown command 'HELLO'
2026-08-07 00:08:40,320 | ROI | INFO | Frame written to video -> CAM=c4 LABEL=Person
2026-08-07 00:08:40,321 | ROI | INFO | CAM=c4 LABEL=Person INSIDE_ROI=False
2026-08-07 00:08:40,321 | ROI | INFO | CAM=c4 LABEL=Person INSIDE_ROI=True
2026-08-07 00:08:40,348 | ROI | ERROR | Redis Save Error: unknown command 'HELLO'
2026-08-07 00:08:40,349 | ROI | INFO | Frame written to video -> CAM=c4 LABEL=Person
2026-08-07 00:08:40,368 | ROI | INFO | CAM=c4 LABEL=Person INSIDE_ROI=True
2026-08-07 00:08:40,371 | ROI | ERROR | Redis Save Error: unknown command 'HELLO'
2026-08-07 00:08:40,374 | ROI | INFO | Frame written to video -> CAM=c4 LABEL=Person
2026-08-07 00:08:40,374 | ROI | INFO | CAM=c4 LABEL=Person INSIDE_ROI=False
2026-08-07 00:08:40,375 | ROI | INFO | CAM=c4 LABEL=Person INSIDE_ROI=False
2026-08-07 00:08:40,375 | ROI | INFO | CAM=c4 LABEL=Person INSIDE_ROI=True
2026-08-07 00:08:40,395 | ROI | ERROR | Redis Save Error: unknown command 'HELLO'
2026-08-07 00:08:40,397 | ROI | INFO | Frame written to video -> CAM=c4 LABEL=Person
2026-08-07 00:08:40,414 | ROI | INFO | CAM=c4 LABEL=Person INSIDE_ROI=False
2026-08-07 00:08:40,415 | ROI | INFO | CAM=c4 LABEL=Person INSIDE_ROI=True
2026-08-07 00:08:40,427 | ROI | ERROR | Redis Save Error: unknown command 'HELLO'
2026-08-07 00:08:40,429 | ROI | INFO | Frame written to video -> CAM=c4 LABEL=Person
2026-08-07 00:08:40,429 | ROI | INFO | CAM=c4 LABEL=Person INSIDE_ROI=False
2026-08-07 00:08:40,430 | ROI | INFO | CAM=c4 LABEL=Person INSIDE_ROI=True
2026-08-07 00:08:40,443 | ROI | ERROR | Redis Save Error: unknown command 'HELLO'
2026-08-07 00:08:40,445 | ROI | INFO | Frame written to video -> CAM=c4 LABEL=Person
2026-08-07 00:08:40,445 | ROI | INFO | CAM=c4 LABEL=Person INSIDE_ROI=True
2026-08-07 00:08:40,458 | ROI | ERROR | Redis Save Error: unknown command 'HELLO'
2026-08-07 00:08:40,459 | ROI | INFO | Frame written to video -> CAM=c4 LABEL=Person
2026-08-07 00:08:40,477 | ROI | INFO | CAM=c4 LABEL=Person INSIDE_ROI=True
2026-08-07 00:08:40,480 | ROI | ERROR | Redis Save Error: unknown command 'HELLO'
2026-08-07 00:08:40,482 | ROI | INFO | Frame written to video -> CAM=c4 LABEL=Person
2026-08-07 00:08:40,482 | ROI | INFO | CAM=c4 LABEL=Person INSIDE_ROI=False
2026-08-07 00:08:40,483 | ROI | INFO | CAM=c4 LABEL=Person INSIDE_ROI=False
2026-08-07 00:08:40,483 | ROI | INFO | CAM=c4 LABEL=Person INSIDE_ROI=True
2026-08-07 00:08:40,505 | ROI | ERROR | Redis Save Error: unknown command 'HELLO'
2026-08-07 00:08:40,507 | ROI | INFO | Frame written to video -> CAM=c4 LABEL=Person
2026-08-07 00:08:40,507 | ROI | INFO | CAM=c4 LABEL=Person INSIDE_ROI=True
2026-08-07 00:08:40,520 | ROI | ERROR | Redis Save Error: unknown command 'HELLO'
2026-08-07 00:08:40,524 | ROI | INFO | Frame written to video -> CAM=c4 LABEL=Person
2026-08-07 00:08:40,540 | ROI | INFO | CAM=c4 LABEL=Person INSIDE_ROI=True
2026-08-07 00:08:40,567 | ROI | ERROR | Redis Save Error: unknown command 'HELLO'
2026-08-07 00:08:40,569 | ROI | INFO | Frame written to video -> CAM=c4 LABEL=Person
2026-08-07 00:08:40,569 | ROI | INFO | CAM=c4 LABEL=Person INSIDE_ROI=False
2026-08-07 00:08:40,570 | ROI | INFO | CAM=c4 LABEL=Person INSIDE_ROI=False
2026-08-07 00:08:40,570 | ROI | INFO | CAM=c4 LABEL=Person INSIDE_ROI=True
2026-08-07 00:08:40,582 | ROI | ERROR | Redis Save Error: unknown command 'HELLO'
2026-08-07 00:08:40,584 | ROI | INFO | Frame written to video -> CAM=c4 LABEL=Person
2026-08-07 00:08:40,600 | ROI | INFO | CAM=c4 LABEL=Person INSIDE_ROI=True
2026-08-07 00:08:40,613 | ROI | ERROR | Redis Save Error: unknown command 'HELLO'
2026-08-07 00:08:40,616 | ROI | INFO | Frame written to video -> CAM=c4 LABEL=Person
2026-08-07 00:08:40,616 | ROI | INFO | CAM=c4 LABEL=Person INSIDE_ROI=False
2026-08-07 00:08:40,616 | ROI | INFO | CAM=c4 LABEL=Person INSIDE_ROI=False
2026-08-07 00:08:40,632 | ROI | INFO | CAM=c4 LABEL=Person INSIDE_ROI=False
2026-08-07 00:08:40,632 | ROI | INFO | CAM=c4 LABEL=Person INSIDE_ROI=True
2026-08-07 00:08:40,644 | ROI | ERROR | Redis Save Error: unknown command 'HELLO'
2026-08-07 00:08:40,647 | ROI | INFO | Frame written to video -> CAM=c4 LABEL=Person
2026-08-07 00:08:40,647 | ROI | INFO | CAM=c4 LABEL=Person INSIDE_ROI=False
2026-08-07 00:08:40,647 | ROI | INFO | CAM=c4 LABEL=Person INSIDE_ROI=True
2026-08-07 00:08:40,660 | ROI | ERROR | Redis Save Error: unknown command 'HELLO'
2026-08-07 00:08:40,662 | ROI | INFO | Frame written to video -> CAM=c4 LABEL=Person
2026-08-07 00:08:40,680 | ROI | INFO | CAM=c4 LABEL=Person INSIDE_ROI=False
2026-08-07 00:08:40,680 | ROI | INFO | CAM=c4 LABEL=Person INSIDE_ROI=True
2026-08-07 00:08:40,707 | ROI | ERROR | Redis Save Error: unknown command 'HELLO'
2026-08-07 00:08:40,710 | ROI | INFO | Frame written to video -> CAM=c4 LABEL=Person
2026-08-07 00:08:40,710 | ROI | INFO | CAM=c4 LABEL=Person INSIDE_ROI=False
2026-08-07 00:08:40,710 | ROI | INFO | CAM=c4 LABEL=Person INSIDE_ROI=True
2026-08-07 00:08:40,713 | ROI | ERROR | Redis Save Error: unknown command 'HELLO'
2026-08-07 00:08:40,715 | ROI | INFO | Frame written to video -> CAM=c4 LABEL=Person
2026-08-07 00:08:40,726 | ROI | INFO | CAM=c4 LABEL=Person INSIDE_ROI=False
2026-08-07 00:08:40,727 | ROI | INFO | CAM=c4 LABEL=Person INSIDE_ROI=True
2026-08-07 00:08:40,753 | ROI | ERROR | Redis Save Error: unknown command 'HELLO'
2026-08-07 00:08:40,755 | ROI | INFO | Frame written to video -> CAM=c4 LABEL=Person
2026-08-07 00:08:40,756 | ROI | INFO | CAM=c4 LABEL=Person INSIDE_ROI=False
2026-08-07 00:08:40,756 | ROI | INFO | CAM=c4 LABEL=Person INSIDE_ROI=True
2026-08-07 00:08:40,769 | ROI | ERROR | Redis Save Error: unknown command 'HELLO'
2026-08-07 00:08:40,771 | ROI | INFO | Frame written to video -> CAM=c4 LABEL=Person
2026-08-07 00:08:40,772 | ROI | INFO | CAM=c4 LABEL=Person INSIDE_ROI=False
2026-08-07 00:08:40,789 | ROI | INFO | CAM=c4 LABEL=Person INSIDE_ROI=False
2026-08-07 00:08:40,789 | ROI | INFO | CAM=c4 LABEL=Person INSIDE_ROI=True
2026-08-07 00:08:40,816 | ROI | ERROR | Redis Save Error: unknown command 'HELLO'
2026-08-07 00:08:40,818 | ROI | INFO | Frame written to video -> CAM=c4 LABEL=Person
2026-08-07 00:08:40,819 | ROI | INFO | CAM=c4 LABEL=Person INSIDE_ROI=False
2026-08-07 00:08:40,819 | ROI | INFO | CAM=c4 LABEL=Person INSIDE_ROI=True
2026-08-07 00:08:40,832 | ROI | ERROR | Redis Save Error: unknown command 'HELLO'
2026-08-07 00:08:40,833 | ROI | INFO | Frame written to video -> CAM=c4 LABEL=Person
2026-08-07 00:08:40,850 | ROI | INFO | CAM=c4 LABEL=Person INSIDE_ROI=False
2026-08-07 00:08:40,851 | ROI | INFO | CAM=c4 LABEL=Person INSIDE_ROI=True
2026-08-07 00:08:40,863 | ROI | ERROR | Redis Save Error: unknown command 'HELLO'
2026-08-07 00:08:40,864 | ROI | INFO | Frame written to video -> CAM=c4 LABEL=Person
2026-08-07 00:08:40,864 | ROI | INFO | CAM=c4 LABEL=Person INSIDE_ROI=False
2026-08-07 00:08:40,864 | ROI | INFO | CAM=c4 LABEL=Person INSIDE_ROI=True
2026-08-07 00:08:40,878 | ROI | ERROR | Redis Save Error: unknown command 'HELLO'
2026-08-07 00:08:40,883 | ROI | INFO | Frame written to video -> CAM=c4 LABEL=Person
2026-08-07 00:08:40,897 | ROI | INFO | CAM=c4 LABEL=Person INSIDE_ROI=False
2026-08-07 00:08:40,897 | ROI | INFO | CAM=c4 LABEL=Person INSIDE_ROI=True
2026-08-07 00:08:40,925 | ROI | ERROR | Redis Save Error: unknown command 'HELLO'
2026-08-07 00:08:40,927 | ROI | INFO | Frame written to video -> CAM=c4 LABEL=Person
2026-08-07 00:08:40,927 | ROI | INFO | CAM=c4 LABEL=Person INSIDE_ROI=False
2026-08-07 00:08:40,943 | ROI | INFO | CAM=c4 LABEL=Person INSIDE_ROI=False
2026-08-07 00:08:40,944 | ROI | INFO | CAM=c4 LABEL=Person INSIDE_ROI=True
2026-08-07 00:08:40,956 | ROI | ERROR | Redis Save Error: unknown command 'HELLO'
2026-08-07 00:08:40,958 | ROI | INFO | Frame written to video -> CAM=c4 LABEL=Person
2026-08-07 00:08:40,958 | ROI | INFO | CAM=c4 LABEL=Person INSIDE_ROI=False
2026-08-07 00:08:40,959 | ROI | INFO | CAM=c4 LABEL=Person INSIDE_ROI=True
2026-08-07 00:08:40,971 | ROI | ERROR | Redis Save Error: unknown command 'HELLO'
2026-08-07 00:08:40,973 | ROI | INFO | Frame written to video -> CAM=c4 LABEL=Person
2026-08-07 00:08:40,992 | ROI | INFO | CAM=c4 LABEL=Person INSIDE_ROI=False
2026-08-07 00:08:40,993 | ROI | INFO | CAM=c4 LABEL=Person INSIDE_ROI=True
2026-08-07 00:08:41,018 | ROI | ERROR | Redis Save Error: unknown command 'HELLO'
2026-08-07 00:08:41,021 | ROI | INFO | Frame written to video -> CAM=c4 LABEL=Person
2026-08-07 00:08:41,021 | ROI | INFO | CAM=c4 LABEL=Person INSIDE_ROI=False
2026-08-07 00:08:41,021 | ROI | INFO | CAM=c4 LABEL=Person INSIDE_ROI=True
2026-08-07 00:08:41,024 | ROI | ERROR | Redis Save Error: unknown command 'HELLO'
2026-08-07 00:08:41,026 | ROI | INFO | Frame written to video -> CAM=c4 LABEL=Person
2026-08-07 00:08:41,037 | ROI | INFO | CAM=c4 LABEL=Person INSIDE_ROI=False
2026-08-07 00:08:41,038 | ROI | INFO | CAM=c4 LABEL=Person INSIDE_ROI=True
2026-08-07 00:08:41,064 | ROI | ERROR | Redis Save Error: unknown command 'HELLO'
2026-08-07 00:08:41,066 | ROI | INFO | Frame written to video -> CAM=c4 LABEL=Person
2026-08-07 00:08:41,066 | ROI | INFO | CAM=c4 LABEL=Person INSIDE_ROI=False
2026-08-07 00:08:41,084 | ROI | INFO | CAM=c4 LABEL=Person INSIDE_ROI=False
2026-08-07 00:08:41,084 | ROI | INFO | CAM=c4 LABEL=Person INSIDE_ROI=True
2026-08-07 00:08:41,111 | ROI | ERROR | Redis Save Error: unknown command 'HELLO'
2026-08-07 00:08:41,113 | ROI | INFO | Frame written to video -> CAM=c4 LABEL=Person
2026-08-07 00:08:41,113 | ROI | INFO | CAM=c4 LABEL=Person INSIDE_ROI=False
2026-08-07 00:08:41,130 | ROI | INFO | CAM=c4 LABEL=Person INSIDE_ROI=False
2026-08-07 00:08:41,131 | ROI | INFO | CAM=c4 LABEL=Person INSIDE_ROI=True
2026-08-07 00:08:41,143 | ROI | ERROR | Redis Save Error: unknown command 'HELLO'
2026-08-07 00:08:41,145 | ROI | INFO | Frame written to video -> CAM=c4 LABEL=Person
2026-08-07 00:08:41,145 | ROI | INFO | CAM=c4 LABEL=Person INSIDE_ROI=False
2026-08-07 00:08:41,163 | ROI | INFO | CAM=c4 LABEL=Person INSIDE_ROI=False
2026-08-07 00:08:41,163 | ROI | INFO | CAM=c4 LABEL=Person INSIDE_ROI=True
2026-08-07 00:08:41,191 | ROI | ERROR | Redis Save Error: unknown command 'HELLO'
2026-08-07 00:08:41,193 | ROI | INFO | Frame written to video -> CAM=c4 LABEL=Person
2026-08-07 00:08:41,193 | ROI | INFO | CAM=c4 LABEL=Person INSIDE_ROI=False
2026-08-07 00:08:41,210 | ROI | INFO | CAM=c4 LABEL=Person INSIDE_ROI=False
2026-08-07 00:08:41,211 | ROI | INFO | CAM=c4 LABEL=Person INSIDE_ROI=True
2026-08-07 00:08:41,214 | ROI | ERROR | Redis Save Error: unknown command 'HELLO'
2026-08-07 00:08:41,216 | ROI | INFO | Frame written to video -> CAM=c4 LABEL=Person
2026-08-07 00:08:41,216 | ROI | INFO | CAM=c4 LABEL=Person INSIDE_ROI=False
2026-08-07 00:08:41,226 | ROI | INFO | CAM=c4 LABEL=Person INSIDE_ROI=False
2026-08-07 00:08:41,226 | ROI | INFO | CAM=c4 LABEL=Person INSIDE_ROI=True
2026-08-07 00:08:41,254 | ROI | ERROR | Redis Save Error: unknown command 'HELLO'
2026-08-07 00:08:41,256 | ROI | INFO | Frame written to video -> CAM=c4 LABEL=Person
2026-08-07 00:08:41,257 | ROI | INFO | CAM=c4 LABEL=Person INSIDE_ROI=False
2026-08-07 00:08:41,273 | ROI | INFO | CAM=c4 LABEL=Person INSIDE_ROI=False
2026-08-07 00:08:41,273 | ROI | INFO | CAM=c4 LABEL=Person INSIDE_ROI=True
2026-08-07 00:08:41,277 | ROI | ERROR | Redis Save Error: unknown command 'HELLO'
2026-08-07 00:08:41,279 | ROI | INFO | Frame written to video -> CAM=c4 LABEL=Person
2026-08-07 00:08:41,279 | ROI | INFO | CAM=c4 LABEL=Person INSIDE_ROI=True
2026-08-07 00:08:41,282 | ROI | ERROR | Redis Save Error: unknown command 'HELLO'
2026-08-07 00:08:41,284 | ROI | INFO | Frame written to video -> CAM=c4 LABEL=Person
2026-08-07 00:08:41,284 | ROI | INFO | CAM=c4 LABEL=Person INSIDE_ROI=False
2026-08-07 00:08:41,305 | ROI | INFO | CAM=c4 LABEL=Person INSIDE_ROI=False
2026-08-07 00:08:41,305 | ROI | INFO | CAM=c4 LABEL=Person INSIDE_ROI=True
2026-08-07 00:08:41,332 | ROI | ERROR | Redis Save Error: unknown command 'HELLO'
2026-08-07 00:08:41,334 | ROI | INFO | Frame written to video -> CAM=c4 LABEL=Person
2026-08-07 00:08:41,334 | ROI | INFO | CAM=c4 LABEL=Person INSIDE_ROI=True
2026-08-07 00:08:41,348 | ROI | ERROR | Redis Save Error: unknown command 'HELLO'
2026-08-07 00:08:41,350 | ROI | INFO | Frame written to video -> CAM=c4 LABEL=Person
2026-08-07 00:08:41,350 | ROI | INFO | CAM=c4 LABEL=Person INSIDE_ROI=False
2026-08-07 00:08:41,350 | ROI | INFO | CAM=c4 LABEL=Person INSIDE_ROI=True
2026-08-07 00:08:41,363 | ROI | ERROR | Redis Save Error: unknown command 'HELLO'
2026-08-07 00:08:41,364 | ROI | INFO | Frame written to video -> CAM=c4 LABEL=Person
2026-08-07 00:08:41,383 | ROI | INFO | CAM=c4 LABEL=Person INSIDE_ROI=False
2026-08-07 00:08:41,383 | ROI | INFO | CAM=c4 LABEL=Person INSIDE_ROI=True
2026-08-07 00:08:41,410 | ROI | ERROR | Redis Save Error: unknown command 'HELLO'
2026-08-07 00:08:41,412 | ROI | INFO | Frame written to video -> CAM=c4 LABEL=Person
2026-08-07 00:08:41,412 | ROI | INFO | CAM=c4 LABEL=Person INSIDE_ROI=True
2026-08-07 00:08:41,426 | ROI | ERROR | Redis Save Error: unknown command 'HELLO'
2026-08-07 00:08:41,428 | ROI | INFO | Frame written to video -> CAM=c4 LABEL=Person
2026-08-07 00:08:41,428 | ROI | INFO | CAM=c4 LABEL=Person INSIDE_ROI=True
2026-08-07 00:08:41,442 | ROI | ERROR | Redis Save Error: unknown command 'HELLO'
2026-08-07 00:08:41,444 | ROI | INFO | Frame written to video -> CAM=c4 LABEL=Person
2026-08-07 00:08:41,444 | ROI | INFO | CAM=c4 LABEL=Person INSIDE_ROI=False
2026-08-07 00:08:41,461 | ROI | INFO | CAM=c4 LABEL=Person INSIDE_ROI=False
2026-08-07 00:08:41,462 | ROI | INFO | CAM=c4 LABEL=Person INSIDE_ROI=True
2026-08-07 00:08:41,465 | ROI | ERROR | Redis Save Error: unknown command 'HELLO'
2026-08-07 00:08:41,467 | ROI | INFO | Frame written to video -> CAM=c4 LABEL=Person
2026-08-07 00:08:41,467 | ROI | INFO | CAM=c4 LABEL=Person INSIDE_ROI=False
2026-08-07 00:08:41,468 | ROI | INFO | CAM=c4 LABEL=Person INSIDE_ROI=True
2026-08-07 00:08:41,490 | ROI | ERROR | Redis Save Error: unknown command 'HELLO'
2026-08-07 00:08:41,491 | ROI | INFO | Frame written to video -> CAM=c4 LABEL=Person
2026-08-07 00:08:41,492 | ROI | INFO | CAM=c4 LABEL=Person INSIDE_ROI=True
2026-08-07 00:08:41,505 | ROI | ERROR | Redis Save Error: unknown command 'HELLO'
2026-08-07 00:08:41,507 | ROI | INFO | Frame written to video -> CAM=c4 LABEL=Person
2026-08-07 00:08:41,525 | ROI | INFO | CAM=c4 LABEL=Person INSIDE_ROI=True
2026-08-07 00:08:41,552 | ROI | ERROR | Redis Save Error: unknown command 'HELLO'
2026-08-07 00:08:41,554 | ROI | INFO | Frame written to video -> CAM=c4 LABEL=Person
2026-08-07 00:08:41,554 | ROI | INFO | CAM=c4 LABEL=Person INSIDE_ROI=False
2026-08-07 00:08:41,555 | ROI | INFO | CAM=c4 LABEL=Person INSIDE_ROI=False
2026-08-07 00:08:41,555 | ROI | INFO | CAM=c4 LABEL=Person INSIDE_ROI=True
2026-08-07 00:08:41,568 | ROI | ERROR | Redis Save Error: unknown command 'HELLO'
2026-08-07 00:08:41,570 | ROI | INFO | Frame written to video -> CAM=c4 LABEL=Person
2026-08-07 00:08:41,588 | ROI | INFO | CAM=c4 LABEL=Person INSIDE_ROI=True
2026-08-07 00:08:41,616 | ROI | ERROR | Redis Save Error: unknown command 'HELLO'
2026-08-07 00:08:41,618 | ROI | INFO | Frame written to video -> CAM=c4 LABEL=Person
2026-08-07 00:08:41,618 | ROI | INFO | CAM=c4 LABEL=Person INSIDE_ROI=False
2026-08-07 00:08:41,618 | ROI | INFO | CAM=c4 LABEL=Person INSIDE_ROI=False
2026-08-07 00:08:41,618 | ROI | INFO | CAM=c4 LABEL=Person INSIDE_ROI=True
2026-08-07 00:08:41,646 | ROI | ERROR | Redis Save Error: unknown command 'HELLO'
2026-08-07 00:08:41,646 | ROI | INFO | Frame written to video -> CAM=c4 LABEL=Person
2026-08-07 00:08:41,664 | ROI | INFO | CAM=c4 LABEL=Person INSIDE_ROI=True
2026-08-07 00:08:41,692 | ROI | ERROR | Redis Save Error: unknown command 'HELLO'
2026-08-07 00:08:41,694 | ROI | INFO | Frame written to video -> CAM=c4 LABEL=Person
2026-08-07 00:08:41,694 | ROI | INFO | CAM=c4 LABEL=Person INSIDE_ROI=False
2026-08-07 00:08:41,695 | ROI | INFO | CAM=c4 LABEL=Person INSIDE_ROI=False
2026-08-07 00:08:41,695 | ROI | INFO | CAM=c4 LABEL=Person INSIDE_ROI=True
2026-08-07 00:08:41,709 | ROI | ERROR | Redis Save Error: unknown command 'HELLO'
2026-08-07 00:08:41,712 | ROI | INFO | Frame written to video -> CAM=c4 LABEL=Person
2026-08-07 00:08:41,728 | ROI | INFO | CAM=c4 LABEL=Person INSIDE_ROI=True
2026-08-07 00:08:41,732 | ROI | ERROR | Redis Save Error: unknown command 'HELLO'
2026-08-07 00:08:41,734 | ROI | INFO | Frame written to video -> CAM=c4 LABEL=Person
2026-08-07 00:08:41,734 | ROI | INFO | CAM=c4 LABEL=Person INSIDE_ROI=False
2026-08-07 00:08:41,735 | ROI | INFO | CAM=c4 LABEL=Person INSIDE_ROI=False
2026-08-07 00:08:41,735 | ROI | INFO | CAM=c4 LABEL=Person INSIDE_ROI=True
2026-08-07 00:08:41,755 | ROI | ERROR | Redis Save Error: unknown command 'HELLO'
2026-08-07 00:08:41,757 | ROI | INFO | Frame written to video -> CAM=c4 LABEL=Person
2026-08-07 00:08:41,757 | ROI | INFO | CAM=c4 LABEL=Person INSIDE_ROI=False
2026-08-07 00:08:41,775 | ROI | INFO | CAM=c4 LABEL=Person INSIDE_ROI=True
2026-08-07 00:08:41,803 | ROI | ERROR | Redis Save Error: unknown command 'HELLO'
2026-08-07 00:08:41,805 | ROI | INFO | Frame written to video -> CAM=c4 LABEL=Person
2026-08-07 00:08:41,806 | ROI | INFO | CAM=c4 LABEL=Person INSIDE_ROI=False
2026-08-07 00:08:41,806 | ROI | INFO | CAM=c4 LABEL=Person INSIDE_ROI=False
2026-08-07 00:08:41,806 | ROI | INFO | CAM=c4 LABEL=Person INSIDE_ROI=True
2026-08-07 00:08:41,819 | ROI | ERROR | Redis Save Error: unknown command 'HELLO'
2026-08-07 00:08:41,821 | ROI | INFO | Frame written to video -> CAM=c4 LABEL=Person
2026-08-07 00:08:41,839 | ROI | INFO | CAM=c4 LABEL=Person INSIDE_ROI=True
2026-08-07 00:08:41,867 | ROI | ERROR | Redis Save Error: unknown command 'HELLO'
2026-08-07 00:08:41,869 | ROI | INFO | Frame written to video -> CAM=c4 LABEL=Person
2026-08-07 00:08:41,869 | ROI | INFO | CAM=c4 LABEL=Person INSIDE_ROI=False
2026-08-07 00:08:41,870 | ROI | INFO | CAM=c4 LABEL=Person INSIDE_ROI=False
2026-08-07 00:08:41,870 | ROI | INFO | CAM=c4 LABEL=Person INSIDE_ROI=True
2026-08-07 00:08:41,898 | ROI | ERROR | Redis Save Error: unknown command 'HELLO'
2026-08-07 00:08:41,900 | ROI | INFO | Frame written to video -> CAM=c4 LABEL=Person
2026-08-07 00:08:41,917 | ROI | INFO | CAM=c4 LABEL=Person INSIDE_ROI=True
2026-08-07 00:08:41,945 | ROI | ERROR | Redis Save Error: unknown command 'HELLO'
2026-08-07 00:08:41,947 | ROI | INFO | Frame written to video -> CAM=c4 LABEL=Person
2026-08-07 00:08:41,947 | ROI | INFO | CAM=c4 LABEL=Person INSIDE_ROI=False
2026-08-07 00:08:41,947 | ROI | INFO | CAM=c4 LABEL=Person INSIDE_ROI=False
2026-08-07 00:08:41,947 | ROI | INFO | CAM=c4 LABEL=Person INSIDE_ROI=False
2026-08-07 00:08:41,963 | ROI | INFO | CAM=c2 LABEL=Helmet INSIDE_ROI=False
2026-08-07 00:08:41,967 | ROI | INFO | CAM=c1 LABEL=Bike INSIDE_ROI=False
2026-08-07 00:08:41,967 | ROI | INFO | CAM=c1 LABEL=Car INSIDE_ROI=False
2026-08-07 00:08:41,970 | ROI | INFO | CAM=c3 LABEL=Fire INSIDE_ROI=False
2026-08-07 00:08:41,970 | ROI | INFO | CAM=c3 LABEL=Fire INSIDE_ROI=False
2026-08-07 00:08:41,973 | ROI | INFO | CAM=c4 LABEL=Person INSIDE_ROI=True
2026-08-07 00:08:41,991 | ROI | ERROR | Redis Save Error: unknown command 'HELLO'
2026-08-07 00:08:41,993 | ROI | INFO | Frame written to video -> CAM=c4 LABEL=Person
2026-08-07 00:08:41,994 | ROI | INFO | CAM=c4 LABEL=Person INSIDE_ROI=False
2026-08-07 00:08:41,994 | ROI | INFO | CAM=c4 LABEL=Person INSIDE_ROI=False
2026-08-07 00:08:41,994 | ROI | INFO | CAM=c4 LABEL=Person INSIDE_ROI=True
2026-08-07 00:08:42,007 | ROI | ERROR | Redis Save Error: unknown command 'HELLO'
2026-08-07 00:08:42,009 | ROI | INFO | Frame written to video -> CAM=c4 LABEL=Person
2026-08-07 00:08:42,026 | ROI | INFO | CAM=c2 LABEL=Helmet INSIDE_ROI=False
2026-08-07 00:08:42,029 | ROI | INFO | CAM=c1 LABEL=Bike INSIDE_ROI=False
2026-08-07 00:08:42,029 | ROI | INFO | CAM=c1 LABEL=Car INSIDE_ROI=False
2026-08-07 00:08:42,379 | ROI | INFO | CAM=c3 LABEL=Fire INSIDE_ROI=False
2026-08-07 00:08:42,380 | ROI | INFO | CAM=c3 LABEL=Fire INSIDE_ROI=False
2026-08-07 00:08:43,145 | ROI | INFO | CAM=c4 LABEL=Person INSIDE_ROI=True
2026-08-07 00:08:43,161 | ROI | ERROR | Redis Save Error: unknown command 'HELLO'
2026-08-07 00:08:43,163 | ROI | INFO | Frame written to video -> CAM=c4 LABEL=Person
2026-08-07 00:08:43,164 | ROI | INFO | CAM=c4 LABEL=Person INSIDE_ROI=False
2026-08-07 00:08:43,164 | ROI | INFO | CAM=c4 LABEL=Person INSIDE_ROI=False
2026-08-07 00:08:43,164 | ROI | INFO | CAM=c4 LABEL=Person INSIDE_ROI=True
2026-08-07 00:08:43,167 | ROI | ERROR | Redis Save Error: unknown command 'HELLO'
2026-08-07 00:08:43,168 | ROI | INFO | Frame written to video -> CAM=c4 LABEL=Person
2026-08-07 00:08:43,169 | ROI | INFO | CAM=c4 LABEL=Person INSIDE_ROI=False
2026-08-07 00:08:44,549 | ROI | INFO | CAM=c1 LABEL=Car INSIDE_ROI=False
2026-08-07 00:08:44,549 | ROI | INFO | CAM=c1 LABEL=Bike INSIDE_ROI=False
2026-08-07 00:08:44,549 | ROI | INFO | CAM=c1 LABEL=Bike INSIDE_ROI=False
2026-08-07 00:08:45,234 | ROI | INFO | CAM=c3 LABEL=Fire INSIDE_ROI=False
2026-08-07 00:08:45,234 | ROI | INFO | CAM=c3 LABEL=Fire INSIDE_ROI=False
2026-08-07 00:08:45,938 | ROI | INFO | CAM=c4 LABEL=Person INSIDE_ROI=True
2026-08-07 00:08:45,958 | ROI | ERROR | Redis Save Error: unknown command 'HELLO'
2026-08-07 00:08:45,960 | ROI | INFO | Frame written to video -> CAM=c4 LABEL=Person
2026-08-07 00:08:45,960 | ROI | INFO | CAM=c4 LABEL=Person INSIDE_ROI=False
2026-08-07 00:08:45,961 | ROI | INFO | CAM=c4 LABEL=Person INSIDE_ROI=False
2026-08-07 00:08:46,650 | ROI | INFO | CAM=c2 LABEL=Helmet INSIDE_ROI=False
2026-08-07 00:08:47,355 | ROI | INFO | CAM=c1 LABEL=Bike INSIDE_ROI=False
2026-08-07 00:08:47,355 | ROI | INFO | CAM=c1 LABEL=Bike INSIDE_ROI=True
2026-08-07 00:08:47,373 | ROI | ERROR | Redis Save Error: unknown command 'HELLO'
2026-08-07 00:08:47,374 | ROI | INFO | Frame written to video -> CAM=c1 LABEL=Bike
2026-08-07 00:08:48,052 | ROI | INFO | CAM=c3 LABEL=Fire INSIDE_ROI=False
2026-08-07 00:08:48,784 | ROI | INFO | CAM=c4 LABEL=Person INSIDE_ROI=True
2026-08-07 00:08:48,803 | ROI | ERROR | Redis Save Error: unknown command 'HELLO'
2026-08-07 00:08:48,806 | ROI | INFO | Frame written to video -> CAM=c4 LABEL=Person
2026-08-07 00:08:48,806 | ROI | INFO | CAM=c4 LABEL=Person INSIDE_ROI=False
2026-08-07 00:08:48,806 | ROI | INFO | CAM=c4 LABEL=Person INSIDE_ROI=False
2026-08-07 00:08:50,178 | ROI | INFO | CAM=c1 LABEL=Bike INSIDE_ROI=False
2026-08-07 00:08:50,873 | ROI | INFO | CAM=c3 LABEL=Fire INSIDE_ROI=False
2026-08-07 00:08:51,569 | ROI | INFO | CAM=c4 LABEL=Person INSIDE_ROI=True
2026-08-07 00:08:51,596 | ROI | ERROR | Redis Save Error: unknown command 'HELLO'
2026-08-07 00:08:51,598 | ROI | INFO | Frame written to video -> CAM=c4 LABEL=Person
2026-08-07 00:08:51,598 | ROI | INFO | CAM=c4 LABEL=Person INSIDE_ROI=False
2026-08-07 00:08:51,598 | ROI | INFO | CAM=c4 LABEL=Person INSIDE_ROI=False
2026-08-07 00:08:52,271 | ROI | INFO | CAM=c2 LABEL=Helmet INSIDE_ROI=False
2026-08-07 00:08:53,256 | ROI | INFO | CAM=c1 LABEL=Bike INSIDE_ROI=False
2026-08-07 00:08:53,256 | ROI | INFO | CAM=c1 LABEL=Bike INSIDE_ROI=False
2026-08-07 00:08:53,256 | ROI | INFO | CAM=c1 LABEL=Car INSIDE_ROI=False
2026-08-07 00:08:53,954 | ROI | INFO | CAM=c3 LABEL=Fire INSIDE_ROI=False
2026-08-07 00:08:54,657 | ROI | INFO | CAM=c4 LABEL=Person INSIDE_ROI=True
2026-08-07 00:08:54,681 | ROI | ERROR | Redis Save Error: unknown command 'HELLO'
2026-08-07 00:08:54,683 | ROI | INFO | Frame written to video -> CAM=c4 LABEL=Person
2026-08-07 00:08:54,684 | ROI | INFO | CAM=c4 LABEL=Person INSIDE_ROI=False
2026-08-07 00:08:54,684 | ROI | INFO | CAM=c4 LABEL=Person INSIDE_ROI=False
2026-08-07 00:08:54,684 | ROI | INFO | CAM=c4 LABEL=Person INSIDE_ROI=True
2026-08-07 00:08:54,697 | ROI | ERROR | Redis Save Error: unknown command 'HELLO'
2026-08-07 00:08:54,699 | ROI | INFO | Frame written to video -> CAM=c4 LABEL=Person
2026-08-07 00:08:54,699 | ROI | INFO | CAM=c4 LABEL=Person INSIDE_ROI=True
2026-08-07 00:08:54,713 | ROI | ERROR | Redis Save Error: unknown command 'HELLO'
2026-08-07 00:08:54,714 | ROI | INFO | Frame written to video -> CAM=c4 LABEL=Person
2026-08-07 00:08:55,369 | ROI | INFO | CAM=c2 LABEL=Helmet INSIDE_ROI=False
2026-08-07 00:08:56,074 | ROI | INFO | CAM=c1 LABEL=Car INSIDE_ROI=False
2026-08-07 00:08:56,074 | ROI | INFO | CAM=c1 LABEL=Bike INSIDE_ROI=False
2026-08-07 00:08:56,773 | ROI | INFO | CAM=c3 LABEL=Fire INSIDE_ROI=False
2026-08-07 00:08:56,773 | ROI | INFO | CAM=c3 LABEL=Fire INSIDE_ROI=False
2026-08-07 00:08:56,773 | ROI | INFO | CAM=c3 LABEL=Smoke INSIDE_ROI=True
2026-08-07 00:08:56,775 | ROI | ERROR | Redis Save Error: unknown command 'HELLO'
2026-08-07 00:08:56,777 | ROI | INFO | Frame written to video -> CAM=c3 LABEL=Smoke
2026-08-07 00:08:57,471 | ROI | INFO | CAM=c4 LABEL=Person INSIDE_ROI=True
2026-08-07 00:08:57,496 | ROI | ERROR | Redis Save Error: unknown command 'HELLO'
2026-08-07 00:08:57,498 | ROI | INFO | Frame written to video -> CAM=c4 LABEL=Person
2026-08-07 00:08:57,499 | ROI | INFO | CAM=c4 LABEL=Person INSIDE_ROI=False
2026-08-07 00:08:57,499 | ROI | INFO | CAM=c4 LABEL=Person INSIDE_ROI=False
2026-08-07 00:08:57,499 | ROI | INFO | CAM=c4 LABEL=Person INSIDE_ROI=True
2026-08-07 00:08:57,527 | ROI | ERROR | Redis Save Error: unknown command 'HELLO'
2026-08-07 00:08:57,529 | ROI | INFO | Frame written to video -> CAM=c4 LABEL=Person
2026-08-07 00:08:58,911 | ROI | INFO | CAM=c1 LABEL=Bike INSIDE_ROI=False
2026-08-07 00:08:58,912 | ROI | INFO | CAM=c1 LABEL=Bike INSIDE_ROI=False
2026-08-07 00:08:58,912 | ROI | INFO | CAM=c1 LABEL=Car INSIDE_ROI=False
2026-08-07 00:08:59,598 | ROI | INFO | CAM=c3 LABEL=Fire INSIDE_ROI=False
2026-08-07 00:08:59,598 | ROI | INFO | CAM=c3 LABEL=Fire INSIDE_ROI=False
2026-08-07 00:08:59,598 | ROI | INFO | CAM=c3 LABEL=Smoke INSIDE_ROI=True
2026-08-07 00:08:59,601 | ROI | ERROR | Redis Save Error: unknown command 'HELLO'
2026-08-07 00:08:59,603 | ROI | INFO | Frame written to video -> CAM=c3 LABEL=Smoke
2026-08-07 00:09:00,305 | ROI | INFO | CAM=c4 LABEL=Person INSIDE_ROI=True
2026-08-07 00:09:00,321 | ROI | ERROR | Redis Save Error: unknown command 'HELLO'
2026-08-07 00:09:00,323 | ROI | INFO | Frame written to video -> CAM=c4 LABEL=Person
2026-08-07 00:09:00,324 | ROI | INFO | CAM=c4 LABEL=Person INSIDE_ROI=False
2026-08-07 00:09:00,324 | ROI | INFO | CAM=c4 LABEL=Person INSIDE_ROI=True
2026-08-07 00:09:00,327 | ROI | ERROR | Redis Save Error: unknown command 'HELLO'
2026-08-07 00:09:00,330 | ROI | INFO | Frame written to video -> CAM=c4 LABEL=Person
2026-08-07 00:09:00,330 | ROI | INFO | CAM=c4 LABEL=Person INSIDE_ROI=False
2026-08-07 00:09:01,005 | ROI | INFO | CAM=c2 LABEL=Helmet INSIDE_ROI=False
2026-08-07 00:09:01,701 | ROI | INFO | CAM=c1 LABEL=Bike INSIDE_ROI=False
2026-08-07 00:09:01,701 | ROI | INFO | CAM=c1 LABEL=Car INSIDE_ROI=False
2026-08-07 00:09:02,414 | ROI | INFO | CAM=c3 LABEL=Fire INSIDE_ROI=False
2026-08-07 00:09:02,414 | ROI | INFO | CAM=c3 LABEL=Fire INSIDE_ROI=False
2026-08-07 00:09:02,414 | ROI | INFO | CAM=c3 LABEL=Smoke INSIDE_ROI=True
2026-08-07 00:09:02,417 | ROI | ERROR | Redis Save Error: unknown command 'HELLO'
2026-08-07 00:09:02,419 | ROI | INFO | Frame written to video -> CAM=c3 LABEL=Smoke
2026-08-07 00:09:03,116 | ROI | INFO | CAM=c4 LABEL=Person INSIDE_ROI=True
2026-08-07 00:09:03,135 | ROI | ERROR | Redis Save Error: unknown command 'HELLO'
2026-08-07 00:09:03,137 | ROI | INFO | Frame written to video -> CAM=c4 LABEL=Person
2026-08-07 00:09:03,138 | ROI | INFO | CAM=c4 LABEL=Person INSIDE_ROI=False
2026-08-07 00:09:03,138 | ROI | INFO | CAM=c4 LABEL=Person INSIDE_ROI=False
2026-08-07 00:09:03,138 | ROI | INFO | CAM=c4 LABEL=Person INSIDE_ROI=True
2026-08-07 00:09:03,166 | ROI | ERROR | Redis Save Error: unknown command 'HELLO'
2026-08-07 00:09:03,168 | ROI | INFO | Frame written to video -> CAM=c4 LABEL=Person
2026-08-07 00:09:04,525 | ROI | INFO | CAM=c1 LABEL=Bike INSIDE_ROI=False
2026-08-07 00:09:04,525 | ROI | INFO | CAM=c1 LABEL=Car INSIDE_ROI=False
2026-08-07 00:09:05,225 | ROI | INFO | CAM=c3 LABEL=Fire INSIDE_ROI=False
2026-08-07 00:09:05,225 | ROI | INFO | CAM=c3 LABEL=Fire INSIDE_ROI=False
2026-08-07 00:09:05,226 | ROI | INFO | CAM=c3 LABEL=Smoke INSIDE_ROI=True
2026-08-07 00:09:05,244 | ROI | ERROR | Redis Save Error: unknown command 'HELLO'
2026-08-07 00:09:05,246 | ROI | INFO | Frame written to video -> CAM=c3 LABEL=Smoke
2026-08-07 00:09:05,931 | ROI | INFO | CAM=c4 LABEL=Person INSIDE_ROI=True
2026-08-07 00:09:05,948 | ROI | ERROR | Redis Save Error: unknown command 'HELLO'
2026-08-07 00:09:05,950 | ROI | INFO | Frame written to video -> CAM=c4 LABEL=Person
2026-08-07 00:09:05,950 | ROI | INFO | CAM=c4 LABEL=Person INSIDE_ROI=False
2026-08-07 00:09:05,951 | ROI | INFO | CAM=c4 LABEL=Person INSIDE_ROI=True
2026-08-07 00:09:05,954 | ROI | ERROR | Redis Save Error: unknown command 'HELLO'
2026-08-07 00:09:05,955 | ROI | INFO | Frame written to video -> CAM=c4 LABEL=Person
2026-08-07 00:09:05,956 | ROI | INFO | CAM=c4 LABEL=Person INSIDE_ROI=False
2026-08-07 00:09:05,956 | ROI | INFO | CAM=c4 LABEL=Person INSIDE_ROI=False
2026-08-07 00:09:06,637 | ROI | INFO | CAM=c2 LABEL=Helmet INSIDE_ROI=False
2026-08-07 00:09:07,343 | ROI | INFO | CAM=c1 LABEL=Bike INSIDE_ROI=False
2026-08-07 00:09:07,343 | ROI | INFO | CAM=c1 LABEL=Car INSIDE_ROI=False
2026-08-07 00:09:07,343 | ROI | INFO | CAM=c1 LABEL=Bike INSIDE_ROI=True
2026-08-07 00:09:07,370 | ROI | ERROR | Redis Save Error: unknown command 'HELLO'
2026-08-07 00:09:07,372 | ROI | INFO | Frame written to video -> CAM=c1 LABEL=Bike
2026-08-07 00:09:07,373 | ROI | INFO | CAM=c1 LABEL=Bike INSIDE_ROI=True
2026-08-07 00:09:07,377 | ROI | ERROR | Redis Save Error: unknown command 'HELLO'
2026-08-07 00:09:07,379 | ROI | INFO | Frame written to video -> CAM=c1 LABEL=Bike
2026-08-07 00:09:08,106 | ROI | INFO | CAM=c3 LABEL=Fire INSIDE_ROI=False
2026-08-07 00:09:08,107 | ROI | INFO | CAM=c3 LABEL=Fire INSIDE_ROI=False
2026-08-07 00:09:08,107 | ROI | INFO | CAM=c3 LABEL=Smoke INSIDE_ROI=True
2026-08-07 00:09:08,132 | ROI | ERROR | Redis Save Error: unknown command 'HELLO'
2026-08-07 00:09:08,136 | ROI | INFO | Frame written to video -> CAM=c3 LABEL=Smoke
2026-08-07 00:09:08,829 | ROI | INFO | CAM=c4 LABEL=Person INSIDE_ROI=False
2026-08-07 00:09:08,829 | ROI | INFO | CAM=c4 LABEL=Person INSIDE_ROI=True
2026-08-07 00:09:08,851 | ROI | ERROR | Redis Save Error: unknown command 'HELLO'
2026-08-07 00:09:08,853 | ROI | INFO | Frame written to video -> CAM=c4 LABEL=Person
2026-08-07 00:09:08,853 | ROI | INFO | CAM=c4 LABEL=Person INSIDE_ROI=False
2026-08-07 00:09:08,853 | ROI | INFO | CAM=c4 LABEL=Person INSIDE_ROI=False
2026-08-07 00:09:08,854 | ROI | INFO | CAM=c4 LABEL=Person INSIDE_ROI=True
2026-08-07 00:09:08,867 | ROI | ERROR | Redis Save Error: unknown command 'HELLO'
2026-08-07 00:09:08,869 | ROI | INFO | Frame written to video -> CAM=c4 LABEL=Person
2026-08-07 00:09:09,545 | ROI | INFO | CAM=c2 LABEL=Helmet INSIDE_ROI=False
2026-08-07 00:09:10,408 | ROI | INFO | CAM=c1 LABEL=Bike INSIDE_ROI=False
2026-08-07 00:09:10,408 | ROI | INFO | CAM=c1 LABEL=Car INSIDE_ROI=False
2026-08-07 00:09:10,408 | ROI | INFO | CAM=c1 LABEL=Bike INSIDE_ROI=True
2026-08-07 00:09:10,434 | ROI | ERROR | Redis Save Error: unknown command 'HELLO'
2026-08-07 00:09:10,436 | ROI | INFO | Frame written to video -> CAM=c1 LABEL=Bike
2026-08-07 00:09:10,436 | ROI | INFO | CAM=c1 LABEL=Bike INSIDE_ROI=True
2026-08-07 00:09:10,450 | ROI | ERROR | Redis Save Error: unknown command 'HELLO'
2026-08-07 00:09:10,452 | ROI | INFO | Frame written to video -> CAM=c1 LABEL=Bike
2026-08-07 00:09:10,453 | ROI | INFO | CAM=c1 LABEL=Bike INSIDE_ROI=True
2026-08-07 00:09:10,456 | ROI | ERROR | Redis Save Error: unknown command 'HELLO'
2026-08-07 00:09:10,457 | ROI | INFO | Frame written to video -> CAM=c1 LABEL=Bike
2026-08-07 00:09:11,203 | ROI | INFO | CAM=c3 LABEL=Fire INSIDE_ROI=False
2026-08-07 00:09:11,203 | ROI | INFO | CAM=c3 LABEL=Fire INSIDE_ROI=False
2026-08-07 00:09:11,203 | ROI | INFO | CAM=c3 LABEL=Smoke INSIDE_ROI=True
2026-08-07 00:09:11,206 | ROI | ERROR | Redis Save Error: unknown command 'HELLO'
2026-08-07 00:09:11,208 | ROI | INFO | Frame written to video -> CAM=c3 LABEL=Smoke
2026-08-07 00:09:11,951 | ROI | INFO | CAM=c4 LABEL=Person INSIDE_ROI=True
2026-08-07 00:09:11,974 | ROI | ERROR | Redis Save Error: unknown command 'HELLO'
2026-08-07 00:09:11,977 | ROI | INFO | Frame written to video -> CAM=c4 LABEL=Person
2026-08-07 00:09:11,977 | ROI | INFO | CAM=c4 LABEL=Person INSIDE_ROI=False
2026-08-07 00:09:11,977 | ROI | INFO | CAM=c4 LABEL=Person INSIDE_ROI=True
2026-08-07 00:09:11,991 | ROI | ERROR | Redis Save Error: unknown command 'HELLO'
2026-08-07 00:09:11,993 | ROI | INFO | Frame written to video -> CAM=c4 LABEL=Person
2026-08-07 00:09:11,993 | ROI | INFO | CAM=c4 LABEL=Person INSIDE_ROI=False
2026-08-07 00:09:11,993 | ROI | INFO | CAM=c4 LABEL=Person INSIDE_ROI=True
2026-08-07 00:09:12,007 | ROI | ERROR | Redis Save Error: unknown command 'HELLO'
2026-08-07 00:09:12,008 | ROI | INFO | Frame written to video -> CAM=c4 LABEL=Person
2026-08-07 00:09:12,009 | ROI | INFO | CAM=c4 LABEL=Person INSIDE_ROI=False
2026-08-07 00:09:13,371 | ROI | INFO | CAM=c1 LABEL=Bike INSIDE_ROI=False
2026-08-07 00:09:13,371 | ROI | INFO | CAM=c1 LABEL=Bike INSIDE_ROI=False
2026-08-07 00:09:13,371 | ROI | INFO | CAM=c1 LABEL=Car INSIDE_ROI=False
2026-08-07 00:09:13,371 | ROI | INFO | CAM=c1 LABEL=Bike INSIDE_ROI=True
2026-08-07 00:09:13,390 | ROI | ERROR | Redis Save Error: unknown command 'HELLO'
2026-08-07 00:09:13,393 | ROI | INFO | Frame written to video -> CAM=c1 LABEL=Bike
2026-08-07 00:09:14,067 | ROI | INFO | CAM=c3 LABEL=Fire INSIDE_ROI=False
2026-08-07 00:09:14,067 | ROI | INFO | CAM=c3 LABEL=Fire INSIDE_ROI=False
2026-08-07 00:09:14,067 | ROI | INFO | CAM=c3 LABEL=Smoke INSIDE_ROI=True
2026-08-07 00:09:14,080 | ROI | ERROR | Redis Save Error: unknown command 'HELLO'
2026-08-07 00:09:14,082 | ROI | INFO | Frame written to video -> CAM=c3 LABEL=Smoke
2026-08-07 00:09:14,086 | ROI | INFO | All video writers released
